,,VOUT1_TRANS_RATE,MTP Only,0x000,0,Protected,16,0xB800,,POR,,Soft-trim in ps1_ctrl
,,,,,,,,,,Bits 15:11,,EXPONT
,,,,,,,,,,Bit 10,,SIGN
,,,,,,,,,,Bits 9:0,,VALUE
,,TON1_DLY,MTP Only,0x002,2,Protected,16,0x0000,,POR,,Soft-trim in ps1_ctrl
,,,,,,,,,,Bits 15:11,,EXPONT
,,,,,,,,,,Bit 10,,SIGN
,,,,,,,,,,Bits 9:0,,VALUE
,,TON1_RISE,MTP Only,0x004,4,Protected,16,0x0000,,POR,,Soft-trim in ps1_ctrl
,,,,,,,,,,Bits 15:11,,EXPONT
,,,,,,,,,,Bit 10,,SIGN
,,,,,,,,,,Bits 9:0,,VALUE
,,VOUT1_MODE,MTP Only,0x006,6,Protected,16,0x0015,,POR,,Soft-trim in ps1_ctrl
,,,,,,,,,,Bits 15:9,,PARITY
,,,,,,,,,,Bit 8,,SPARE
,,,,,,,,,,Bit 7,,ABS_REL
,,,,,,,,,,Bits 6:5,,DFORMAT
,,,,,,,,,,Bits 4:0,,EXPONT
,,TOFF1_DLY,MTP Only,0x008,8,Protected,16,0x0000,,POR,,Soft-trim in ps1_ctrl
,,,,,,,,,,Bits 15:11,,EXPONT
,,,,,,,,,,Bit 10,,SIGN
,,,,,,,,,,Bits 9:0,,VALUE
,,TOFF1_FALL,MTP Only,0x00A,10,Protected,16,0x0000,,POR,,Soft-trim in ps1_ctrl
,,,,,,,,,,Bits 15:11,,EXPONT
,,,,,,,,,,Bit 10,,SIGN
,,,,,,,,,,Bits 9:0,,VALUE
,,MFR_OP1_BEH,MTP Only,0x00C,12,Protected,16,0x0000,,POR,,Soft-trim in ps1_ctrl
,,,,,,,,,,Bits 15:5,,SPARE
,,,,,,,,,,Bit 4,,PRBS
,,,,,,,,,,Bit 3,,SOFT
,,,,,,,,,,Bit 2,,GLOBAL
,,,,,,,,,,Bit 1,,LATCH
,,,,,,,,,,Bit 0,,FLOAT
,,VOUT1_OPERATION,MTP Only,0x00E,14,Protected,16,0x00C4,,POR,,Soft-trim in ps1_ctrl
,,,,,,,,,,Bits 15:9,,PARITY
,,,,,,,,,,Bit 8,,SPARE
,,,,,,,,,,Bit 7,,PS_ON
,,,,,,,,,,Bit 6,,TO_MODE
,,,,,,,,,,Bits 5:4,,VSRC
,,,,,,,,,,Bits 3:2,,Marg_Flt
,,,,,,,,,,Bit 1,,Tran_Ctrl
,,,,,,,,,,Bit 0,,Reserved
,,VOUT2_TRANS_RATE,MTP Only,0x010,16,Protected,16,0xB800,,POR,,Soft-trim in ps2_ctrl
,,,,,,,,,,Bits 15:11,,EXPONT
,,,,,,,,,,Bit 10,,SIGN
,,,,,,,,,,Bits 9:0,,VALUE
,,TON2_DLY,MTP Only,0x012,18,Protected,16,0x0000,,POR,,Soft-trim in ps2_ctrl
,,,,,,,,,,Bits 15:11,,EXPONT
,,,,,,,,,,Bit 10,,SIGN
,,,,,,,,,,Bits 9:0,,VALUE
,,TON2_RISE,MTP Only,0x014,20,Protected,16,0x0000,,POR,,Soft-trim in ps2_ctrl
,,,,,,,,,,Bits 15:11,,EXPONT
,,,,,,,,,,Bit 10,,SIGN
,,,,,,,,,,Bits 9:0,,VALUE
,,VOUT2_MODE,MTP Only,0x016,22,Protected,16,0x0015,,POR,,Soft-trim in ps2_ctrl
,,,,,,,,,,Bits 15:9,,PARITY
,,,,,,,,,,Bit 8,,SPARE
,,,,,,,,,,Bit 7,,ABS_REL
,,,,,,,,,,Bits 6:5,,DFORMAT
,,,,,,,,,,Bits 4:0,,EXPONT
,,TOFF2_DLY,MTP Only,0x018,24,Protected,16,0x0000,,POR,,Soft-trim in ps2_ctrl
,,,,,,,,,,Bits 15:11,,EXPONT
,,,,,,,,,,Bit 10,,SIGN
,,,,,,,,,,Bits 9:0,,VALUE
,,TOFF2_FALL,MTP Only,0x01A,26,Protected,16,0x0000,,POR,,Soft-trim in ps2_ctrl
,,,,,,,,,,Bits 15:11,,EXPONT
,,,,,,,,,,Bit 10,,SIGN
,,,,,,,,,,Bits 9:0,,VALUE
,,MFR_OP2_BEH,MTP Only,0x01C,28,Protected,16,0x0000,,POR,,Soft-trim in ps2_ctrl
,,,,,,,,,,Bits 15:5,,SPARE
,,,,,,,,,,Bit 4,,PRBS
,,,,,,,,,,Bit 3,,SOFT
,,,,,,,,,,Bit 2,,GLOBAL
,,,,,,,,,,Bit 1,,LATCH
,,,,,,,,,,Bit 0,,FLOAT
,,,,,,,,,,Bits 15:0,,
,,VOUT2_OPERATION,MTP Only,0x01E,30,Protected,16,0x00C4,,POR,,Soft-trim in ps2_ctrl
,,,,,,,,,,Bits 15:9,,PARITY
,,,,,,,,,,Bit 8,,SPARE
,,,,,,,,,,Bit 7,,PS_ON
,,,,,,,,,,Bit 6,,TO_MODE
,,,,,,,,,,Bits 5:4,,VSRC
,,,,,,,,,,Bits 3:2,,Marg_Flt
,,,,,,,,,,Bit 1,,Tran_Ctrl
,,,,,,,,,,Bit 0,,Reserved
,,VOUT3_TRANS_RATE,MTP Only,0x020,32,Protected,16,0xB800,,POR,,Soft-trim in ps3_ctrl
,,,,,,,,,,Bits 15:11,,EXPONT
,,,,,,,,,,Bit 10,,SIGN
,,,,,,,,,,Bits 9:0,,VALUE
,,TON3_DLY,MTP Only,0x022,34,Protected,16,0x0000,,POR,,Soft-trim in ps3_ctrl
,,,,,,,,,,Bits 15:11,,EXPONT
,,,,,,,,,,Bit 10,,SIGN
,,,,,,,,,,Bits 9:0,,VALUE
,,TON3_RISE,MTP Only,0x024,36,Protected,16,0x0000,,POR,,Soft-trim in ps3_ctrl
,,,,,,,,,,Bits 15:11,,EXPONT
,,,,,,,,,,Bit 10,,SIGN
,,,,,,,,,,Bits 9:0,,VALUE
,,VOUT3_MODE,MTP Only,0x026,38,Protected,16,0x0015,,POR,,Soft-trim in ps3_ctrl
,,,,,,,,,,Bits 15:9,,PARITY
,,,,,,,,,,Bit 8,,SPARE
,,,,,,,,,,Bit 7,,ABS_REL
,,,,,,,,,,Bits 6:5,,DFORMAT
,,,,,,,,,,Bits 4:0,,EXPONT
,,TOFF3_DLY,MTP Only,0x028,40,Protected,16,0x0000,,POR,,Soft-trim in ps3_ctrl
,,,,,,,,,,Bits 15:11,,EXPONT
,,,,,,,,,,Bit 10,,SIGN
,,,,,,,,,,Bits 9:0,,VALUE
,,TOFF3_FALL,MTP Only,0x02A,42,Protected,16,0x0000,,POR,,Soft-trim in ps3_ctrl
,,,,,,,,,,Bits 15:11,,EXPONT
,,,,,,,,,,Bit 10,,SIGN
,,,,,,,,,,Bits 9:0,,VALUE
,,MFR_OP3_BEH,MTP Only,0x02C,44,Protected,16,0x0000,,POR,,Soft-trim in ps3_ctrl
,,,,,,,,,,Bits 15:5,,SPARE
,,,,,,,,,,Bit 4,,PRBS
,,,,,,,,,,Bit 3,,SOFT
,,,,,,,,,,Bit 2,,GLOBAL
,,,,,,,,,,Bit 1,,LATCH
,,,,,,,,,,Bit 0,,FLOAT
,,,,,,,,,,Bits 15:0,,
,,VOUT3_OPERATION,MTP Only,0x02E,46,Protected,16,0x00C4,,POR,,Soft-trim in ps3_ctrl
,,,,,,,,,,Bits 15:9,,PARITY
,,,,,,,,,,Bit 8,,SPARE
,,,,,,,,,,Bit 7,,PS_ON
,,,,,,,,,,Bit 6,,TO_MODE
,,,,,,,,,,Bits 5:4,,VSRC
,,,,,,,,,,Bits 3:2,,Marg_Flt
,,,,,,,,,,Bit 1,,Tran_Ctrl
,,,,,,,,,,Bit 0,,Reserved
,,VOUT4_TRANS_RATE,MTP Only,0x030,48,Protected,16,0xB800,,POR,,Soft-trim in ps4_ctrl
,,,,,,,,,,Bits 15:11,,EXPONT
,,,,,,,,,,Bit 10,,SIGN
,,,,,,,,,,Bits 9:0,,VALUE
,,TON4_DLY,MTP Only,0x032,50,Protected,16,0x0000,,POR,,Soft-trim in ps4_ctrl
,,,,,,,,,,Bits 15:11,,EXPONT
,,,,,,,,,,Bit 10,,SIGN
,,,,,,,,,,Bits 9:0,,VALUE
,,TON4_RISE,MTP Only,0x034,52,Protected,16,0x0000,,POR,,Soft-trim in ps4_ctrl
,,,,,,,,,,Bits 15:11,,EXPONT
,,,,,,,,,,Bit 10,,SIGN
,,,,,,,,,,Bits 9:0,,VALUE
,,VOUT4_MODE,MTP Only,0x036,54,Protected,16,0x0015,,POR,,Soft-trim in ps4_ctrl
,,,,,,,,,,Bits 15:9,,PARITY
,,,,,,,,,,Bit 8,,SPARE
,,,,,,,,,,Bit 7,,ABS_REL
,,,,,,,,,,Bits 6:5,,DFORMAT
,,,,,,,,,,Bits 4:0,,EXPONT
,,TOFF4_DLY,MTP Only,0x038,56,Protected,16,0x0000,,POR,,Soft-trim in ps4_ctrl
,,,,,,,,,,Bits 15:11,,EXPONT
,,,,,,,,,,Bit 10,,SIGN
,,,,,,,,,,Bits 9:0,,VALUE
,,TOFF4_FALL,MTP Only,0x03A,58,Protected,16,0x0000,,POR,,Soft-trim in ps4_ctrl
,,,,,,,,,,Bits 15:11,,EXPONT
,,,,,,,,,,Bit 10,,SIGN
,,,,,,,,,,Bits 9:0,,VALUE
,,MFR_OP4_BEH,MTP Only,0x03C,60,Protected,16,0x0000,,POR,,Soft-trim in ps4_ctrl
,,,,,,,,,,Bits 15:5,,SPARE
,,,,,,,,,,Bit 4,,PRBS
,,,,,,,,,,Bit 3,,SOFT
,,,,,,,,,,Bit 2,,GLOBAL
,,,,,,,,,,Bit 1,,LATCH
,,,,,,,,,,Bit 0,,FLOAT
,,,,,,,,,,Bits 15:0,,
,,VOUT4_OPERATION,MTP Only,0x03E,62,Protected,16,0x00C4,,POR,,Soft-trim in ps4_ctrl
,,,,,,,,,,Bits 15:9,,PARITY
,,,,,,,,,,Bit 8,,SPARE
,,,,,,,,,,Bit 7,,PS_ON
,,,,,,,,,,Bit 6,,TO_MODE
,,,,,,,,,,Bits 5:4,,VSRC
,,,,,,,,,,Bits 3:2,,Marg_Flt
,,,,,,,,,,Bit 1,,Tran_Ctrl
,,,,,,,,,,Bit 0,,Reserved
,,VOUT1,MTP Only,0x040,64,Protected,16,0x0000,,POR,,Soft-trim in latch_blk
,,,,,,,,,,Bits 15:0,,VOUT1
,,VOUT1_MRGN_H,MTP Only,0x042,66,Protected,16,0x0000,,POR,,Soft-trim in latch_blk
,,,,,,,,,,Bits 15:0,,VOUT1_MRGN_H
,,VOUT1_MRGN_L,MTP Only,0x044,68,Protected,16,0x0000,,POR,,Soft-trim in latch_blk
,,,,,,,,,,Bits 15:0,,VOUT1_MRGN_L
,,PARITY_9_64,MTP Only,0x046,70,Protected,16,,,POR,,
,,,,,,,,,,Bits 15:9,,PARITY
,,,,,,,,,,Bit 8,,SPARE
,,,,,,,,,,Bits 7:0,,
,,VOUT1_OV_FLT_LIM,MTP Only,0x048,72,Protected,16,0x10CD,,POR,,Soft-trim in latch_blk
,,,,,,,,,,Bits 15:0,,VOUT1_OV_FLT_LIM
,,VOUT1_UV_FLT_LIM,MTP Only,0x04A,74,Protected,16,0x0400,,POR,,Soft-trim in latch_blk
,,,,,,,,,,Bits 15:0,,VOUT1_UV_FLT_LIM
,,IOUT1_OC_FLT_LIM,MTP Only,0x04C,76,Protected,16,0xD886,,POR,,Soft-trim in latch_blk
,,,,,,,,,,Bits 15:11,,EXPONT
,,,,,,,,,,Bit 10,,SIGN
,,,,,,,,,,Bits 9:0,,VALUE
,,PARITY_10_64,MTP Only,0x04E,78,Protected,16,,,POR,,
,,,,,,,,,,Bits 15:9,,PARITY
,,,,,,,,,,Bit 8,,SPARE
,,,,,,,,,,Bits 7:0,,
,,IOUT1_UC_FLT_LIM,MTP Only,0x050,80,Protected,16,0xDFC0,,POR,,Soft-trim in latch_blk
,,,,,,,,,,Bits 15:11,,EXPONT
,,,,,,,,,,Bit 10,,SIGN
,,,,,,,,,,Bits 9:0,,VALUE
,,VOUT1_PGOOD_ON,MTP Only,0x052,82,Protected,16,0x0533,,POR,,Soft-trim in latch_blk
,,,,,,,,,,Bits 15:0,,VOUT1_PGOOD_ON
,,VOUT1_PGOOD_OFF,MTP Only,0x054,84,Protected,16,0x0466,,POR,,Soft-trim in latch_blk
,,,,,,,,,,Bits 15:0,,VOUT1_PGOOD_OFF
,,PARITY_11_64,MTP Only,0x056,86,Protected,16,,,POR,,
,,,,,,,,,,Bits 15:9,,PARITY
,,,,,,,,,,Bit 8,,SPARE
,,,,,,,,,,Bits 7:0,,
,,,MTP Only,0x058,88,Protected,16,,,POR,,
,,,,,,,,,,Bits 15:0,,
,,VOUT2,MTP Only,0x05A,90,Protected,16,0x0000,,POR,,Soft-trim in latch_blk
,,,,,,,,,,Bits 15:0,,VOUT2
,,VOUT2_MRGN_H,MTP Only,0x05C,92,Protected,16,0x0000,,POR,,Soft-trim in latch_blk
,,,,,,,,,,Bits 15:0,,VOUT2_MRGN_H
,,PARITY_12_64,MTP Only,0x05E,94,Protected,16,,,POR,,
,,,,,,,,,,Bits 15:9,,PARITY
,,,,,,,,,,Bit 8,,SPARE
,,,,,,,,,,Bits 7:0,,
,,VOUT2_MRGN_L,MTP Only,0x060,96,Protected,16,0x0000,,POR,,Soft-trim in latch_blk
,,,,,,,,,,Bits 15:0,,VOUT2_MRGN_L
,,VOUT2_OV_FLT_LIM,MTP Only,0x062,98,Protected,16,0x10CD,,POR,,Soft-trim in latch_blk
,,,,,,,,,,Bits 15:0,,VOUT2_OV_FLT_LIM
,,VOUT2_UV_FLT_LIM,MTP Only,0x064,100,Protected,16,0x0400,,POR,,Soft-trim in latch_blk
,,,,,,,,,,Bits 15:0,,VOUT2_UV_FLT_LIM
,,PARITY_13_64,MTP Only,0x066,102,Protected,16,,,POR,,
,,,,,,,,,,Bits 15:9,,PARITY
,,,,,,,,,,Bit 8,,SPARE
,,,,,,,,,,Bits 7:0,,
,,IOUT2_OC_FLT_LIM,MTP Only,0x068,104,Protected,16,0xD886,,POR,,Soft-trim in latch_blk
,,,,,,,,,,Bits 15:11,,EXPONT
,,,,,,,,,,Bit 10,,SIGN
,,,,,,,,,,Bits 9:0,,VALUE
,,IOUT2_UC_FLT_LIM,MTP Only,0x06A,106,Protected,16,0xDFC0,,POR,,Soft-trim in latch_blk
,,,,,,,,,,Bits 15:11,,EXPONT
,,,,,,,,,,Bit 10,,SIGN
,,,,,,,,,,Bits 9:0,,VALUE
,,VOUT2_PGOOD_ON,MTP Only,0x06C,108,Protected,16,0x0533,,POR,,Soft-trim in latch_blk
,,,,,,,,,,Bits 15:0,,VOUT2_PGOOD_ON
,,PARITY_14_64,MTP Only,0x06E,110,Protected,16,,,POR,,
,,,,,,,,,,Bits 15:9,,PARITY
,,,,,,,,,,Bit 8,,SPARE
,,,,,,,,,,Bits 7:0,,
,,VOUT2_PGOOD_OFF,MTP Only,0x070,112,Protected,16,0x0466,,POR,,Soft-trim in latch_blk
,,,,,,,,,,Bits 15:0,,VOUT2_PGOOD_OFF
,,,MTP Only,0x072,114,Protected,16,,,POR,,
,,,,,,,,,,Bits 15:0,,
,,VOUT3,MTP Only,0x074,116,Protected,16,0x0000,,POR,,Soft-trim in latch_blk
,,,,,,,,,,Bits 15:0,,VOUT3
,,PARITY_15_64,MTP Only,0x076,118,Protected,16,,,POR,,
,,,,,,,,,,Bits 15:9,,PARITY
,,,,,,,,,,Bit 8,,SPARE
,,,,,,,,,,Bits 7:0,,
,,VOUT3_MRGN_H,MTP Only,0x078,120,Protected,16,0x0000,,POR,,Soft-trim in latch_blk
,,,,,,,,,,Bits 15:0,,VOUT3_MRGN_H
,,VOUT3_MRGN_L,MTP Only,0x07A,122,Protected,16,0x0000,,POR,,Soft-trim in latch_blk
,,,,,,,,,,Bits 15:0,,VOUT3_MRGN_L
,,VOUT3_OV_FLT_LIM,MTP Only,0x07C,124,Protected,16,0x10CD,,POR,,Soft-trim in latch_blk
,,,,,,,,,,Bits 15:0,,VOUT3_OV_FLT_LIM
,,PARITY_16_64,MTP Only,0x07E,126,Protected,16,,,POR,,
,,,,,,,,,,Bits 15:9,,PARITY
,,,,,,,,,,Bit 8,,SPARE
,,,,,,,,,,Bits 7:0,,
,,VOUT3_UV_FLT_LIM,MTP Only,0x080,128,Protected,16,0x0400,,POR,,Soft-trim in latch_blk
,,,,,,,,,,Bits 15:0,,VOUT3_UV_FLT_LIM
,,IOUT3_OC_FLT_LIM,MTP Only,0x082,130,Protected,16,0xD886,,POR,,Soft-trim in latch_blk
,,,,,,,,,,Bits 15:11,,EXPONT
,,,,,,,,,,Bit 10,,SIGN
,,,,,,,,,,Bits 9:0,,VALUE
,,IOUT3_UC_FLT_LIM,MTP Only,0x084,132,Protected,16,0xDFC0,,POR,,Soft-trim in latch_blk
,,,,,,,,,,Bits 15:11,,EXPONT
,,,,,,,,,,Bit 10,,SIGN
,,,,,,,,,,Bits 9:0,,VALUE
,,PARITY_17_64,MTP Only,0x086,134,Protected,16,,,POR,,
,,,,,,,,,,Bits 15:9,,PARITY
,,,,,,,,,,Bit 8,,SPARE
,,,,,,,,,,Bits 7:0,,
,,VOUT3_PGOOD_ON,MTP Only,0x088,136,Protected,16,0x0533,,POR,,Soft-trim in latch_blk
,,,,,,,,,,Bits 15:0,,VOUT3_PGOOD_ON
,,VOUT3_PGOOD_OFF,MTP Only,0x08A,138,Protected,16,0x0466,,POR,,Soft-trim in latch_blk
,,,,,,,,,,Bits 15:0,,VOUT3_PGOOD_OFF
,,,MTP Only,0x08C,140,Protected,16,,,POR,,
,,,,,,,,,,Bits 15:0,,
,,PARITY_18_64,MTP Only,0x08E,142,Protected,16,,,POR,,
,,,,,,,,,,Bits 15:9,,PARITY
,,,,,,,,,,Bit 8,,SPARE
,,,,,,,,,,Bits 7:0,,
,,VOUT4,MTP Only,0x090,144,Protected,16,0x0000,,POR,,Soft-trim in latch_blk
,,,,,,,,,,Bits 15:0,,VOUT4
,,VOUT4_MRGN_H,MTP Only,0x092,146,Protected,16,0x0000,,POR,,Soft-trim in latch_blk
,,,,,,,,,,Bits 15:0,,VOUT4_MRGN_H
,,VOUT4_MRGN_L,MTP Only,0x094,148,Protected,16,0x0000,,POR,,Soft-trim in latch_blk
,,,,,,,,,,Bits 15:0,,VOUT4_MRGN_L
,,PARITY_19_64,MTP Only,0x096,150,Protected,16,,,POR,,
,,,,,,,,,,Bits 15:9,,PARITY
,,,,,,,,,,Bit 8,,SPARE
,,,,,,,,,,Bits 7:0,,
,,VOUT4_OV_FLT_LIM,MTP Only,0x098,152,Protected,16,0x10CD,,POR,,Soft-trim in latch_blk
,,,,,,,,,,Bits 15:0,,VOUT4_OV_FLT_LIM
,,VOUT4_UV_FLT_LIM,MTP Only,0x09A,154,Protected,16,0x0400,,POR,,Soft-trim in latch_blk
,,,,,,,,,,Bits 15:0,,VOUT4_UV_FLT_LIM
,,IOUT4_OC_FLT_LIM,MTP Only,0x09C,156,Protected,16,0xD886,,POR,,Soft-trim in latch_blk
,,,,,,,,,,Bits 15:11,,EXPONT
,,,,,,,,,,Bit 10,,SIGN
,,,,,,,,,,Bits 9:0,,VALUE
,,PARITY_20_64,MTP Only,0x09E,158,Protected,16,,,POR,,
,,,,,,,,,,Bits 15:9,,PARITY
,,,,,,,,,,Bit 8,,SPARE
,,,,,,,,,,Bits 7:0,,
,,IOUT4_UC_FLT_LIM,MTP Only,0x0A0,160,Protected,16,0xDFC0,,POR,,Soft-trim in latch_blk
,,,,,,,,,,Bits 15:11,,EXPONT
,,,,,,,,,,Bit 10,,SIGN
,,,,,,,,,,Bits 9:0,,VALUE
,,VOUT4_PGOOD_ON,MTP Only,0x0A2,162,Protected,16,0x0533,,POR,,Soft-trim in latch_blk
,,,,,,,,,,Bits 15:0,,VOUT4_PGOOD_ON
,,VOUT4_PGOOD_OFF,MTP Only,0x0A4,164,Protected,16,0x0466,,POR,,Soft-trim in latch_blk
,,,,,,,,,,Bits 15:0,,VOUT4_PGOOD_OFF
,,ON_OFF_CONFIG,MTP Only,0x0A6,166,Protected,16,0x0018,,POR,,Soft-trim in glue_logic
,,,,,,,,,,Bits 15:9,,PARITY
,,,,,,,,,,Bit 8,,SPARE
,,,,,,,,,,Bits 7:5,,RSVD
,,,,,,,,,,Bit 4,,WAIT_OP
,,,,,,,,,,Bit 3,,USE_OP
,,,,,,,,,,Bit 2,,USE_CTRL
,,,,,,,,,,Bits 1:0,,NOUSE
,,IOUT_FILT_CTRL,MTP Only,0x0A8,168,Protected,16,0x0000,,POR,,Soft-trim in latch_blk
,,,,,,,,,,Bits 10:0,,IOUT_FILT_CTRL
,,VIN_ON_LIM,MTP Only,0x0AA,170,Protected,16,0x4CCD,,POR,,Soft-trim in latch_blk
,,,,,,,,,,Bits 15:0,,VIN_ON
,,VIN_OFF_LIM,MTP Only,0x0AC,172,Protected,16,0x4800,,POR,,Soft-trim in latch_blk
,,,,,,,,,,Bits 15:0,,VIN_OFF
,,STATUS_INPUT_MASK,MTP Only,0x0AE,174,Protected,16,0x0000,,POR,,Soft-trim in flt_ctrl
,,,,,,,,,,Bits 15:9,,PARITY
,,,,,,,,,,Bit 8,,SPARE
,,,,,,,,,,Bits 7:0,,STATUS_INPUT_MASK
,,OT_FLT_LIM,MTP Only,0x0B0,176,Protected,16,0xF208,,POR,,Soft-trim in latch_blk
,,,,,,,,,,Bits 15:11,,EXPONT
,,,,,,,,,,Bit 10,,SIGN
,,,,,,,,,,Bits 9:0,,VALUE
,,VIN_OV_FLT_LIM,MTP Only,0x0B2,178,Protected,16,0x799A,,POR,,Soft-trim in latch_blk
,,,,,,,,,,Bits 15:0,,VIN_OV_FAULT_LIMIT
,,VIN_UV_FLT_LIM,MTP Only,0x0B4,180,Protected,16,0x4E66,,POR,,Soft-trim in latch_blk
,,,,,,,,,,Bits 15:0,,VIN_UV_FAULT_LIMIT
,,STATUS_MFR_MASK,MTP Only,0x0B6,182,Protected,16,0x0000,,POR,,Soft-trim in flt_ctrl
,,,,,,,,,,Bits 15:9,,PARITY
,,,,,,,,,,Bit 8,,SPARE
,,,,,,,,,,Bits 7:0,,STATUS_MFR_MASK
,,IIN_OC_FLT_LIM,MTP Only,0x0B8,184,Protected,16,0xD880,,POR,,Soft-trim in latch_blk
,,,,,,,,,,Bits 15:11,,EXPONT
,,,,,,,,,,Bit 10,,SIGN
,,,,,,,,,,Bits 9:0,,VALUE
,,FREQUENCY_SWITCH,MTP Only,0x0BA,186,Protected,16,0x0AEE,,POR,,Soft-trim in glue_logic
,,,,,,,,,,Bits 15:11,,EXPONT
,,,,,,,,,,Bit 10,,SIGN
,,,,,,,,,,Bits 9:0,,VALUE
,,MFR_SPECIFIC_PGOOD,MTP Only,0x0BC,188,Protected,16,0x0F0F,,POR,,Soft-trim in glue_logic
,,,,,,,,,,Bits 15:0,,MFR_SPECIFIC_PGOOD
,,STATUS_TEMP_MASK,MTP Only,0x0BE,190,Protected,16,0x0000,,POR,,Soft-trim in flt_ctrl
,,,,,,,,,,Bits 15:9,,PARITY
,,,,,,,,,,Bit 8,,SPARE
,,,,,,,,,,Bits 7:0,,STATUS_TEMP_MASK
,,MFR_SPECIFIC_MATRIX,MTP Only,0x0C0,192,Protected,16,0x0FE4,,POR,,Soft-trim in glue_logic
,,,,,,,,,,Bits 15:12,,SPARE
,,,,,,,,,,Bit 11,,SW4_VALID
,,,,,,,,,,Bit 10,,SW3_VALID
,,,,,,,,,,Bit 9,,SW2_VALID
,,,,,,,,,,Bit 8,,SW1_VALID
,,,,,,,,,,Bits 7:6,,SW4
,,,,,,,,,,Bits 5:4,,SW3
,,,,,,,,,,Bits 3:2,,SW2
,,,,,,,,,,Bits 1:0,,SW1
,,STATUS1_IVOUT_MASK,MTP Only,0x0C2,194,Protected,16,0x0000,,POR,,Soft-trim in flt_ctrl
,,,,,,,,,,Bits 15:8,,STATUS1_IOUT_MASK
,,,,,,,,,,Bits 7:0,,STATUS1_VOUT_MASK
,,STATUS2_IVOUT_MASK,MTP Only,0x0C4,196,Protected,16,0x0000,,POR,,Soft-trim in flt_ctrl
,,,,,,,,,,Bits 15:8,,STATUS2_IOUT_MASK
,,,,,,,,,,Bits 7:0,,STATUS2_VOUT_MASK
,,STATUS_CML_MASK,MTP Only,0x0C6,198,Protected,16,0x0000,,POR,,Soft-trim in flt_ctrl
,,,,,,,,,,Bits 15:9,,PARITY
,,,,,,,,,,Bit 8,,SPARE
,,,,,,,,,,Bits 7:0,,STATUS_CML_MASK
,,STATUS3_IVOUT_MASK,MTP Only,0x0C8,200,Protected,16,0x0000,,POR,,Soft-trim in flt_ctrl
,,,,,,,,,,Bits 15:8,,STATUS3_IOUT_MASK
,,,,,,,,,,Bits 7:0,,STATUS3_VOUT_MASK
,,STATUS4_IVOUT_MASK,MTP Only,0x0CA,202,Protected,16,0x0000,,POR,,Soft-trim in flt_ctrl
,,,,,,,,,,Bits 15:8,,STATUS4_IOUT_MASK
,,,,,,,,,,Bits 7:0,,STATUS4_VOUT_MASK
,,,MTP Only,0x0CC,204,Protected,16,0x0000,,POR,,
,,,,,,,,,,Bits 15:0,,
,,STATUS_OTHER_MASK,MTP Only,0x0CE,206,Protected,16,0x0000,,POR,,Soft-trim in flt_ctrl
,,,,,,,,,,Bits 15:9,,PARITY
,,,,,,,,,,Bit 8,,SPARE
,,,,,,,,,,Bits 7:0,,STATUS_OTHER_MASK
,,MFR_IOUT_MAX,MTP Only,0x0D0,208,Protected,16,0xD880,,POR,,"Read-only, no soft-trim version"
,,,,,,,,,,Bits 15:0,,MFR_IOUT_MAX
,,MFR_VOUT_MIN,MTP Only,0x0D2,210,Protected,16,0x4CCD,,POR,,"Read-only, no soft-trim version"
,,,,,,,,,,Bits 15:0,,MFR_VOUT_MIN
,,ADC_OFFSET_00,MTP Only,0x0D4,212,Protected,16,0xB000,,POR,,"Used direct from NVM, no soft-trim"
,,,,,,,,,,Bits 15:0,,VGPR_OFFSET
,,ADC_CH_SEL00,MTP Only,0x0D6,214,Protected,16,0x0084,,POR,,Soft-trim in adc_ctrl
,,,,,,,,,,Bits 15:9,,PARITY
,,,,,,,,,,Bit 8,,SPARE
,,,,,,,,,,Bits 7:4,,CH_SEL01
,,,,,,,,,,Bits 3:0,,CH_SEL00
,,ADC_GAIN_00,MTP Only,0x0D8,216,Protected,16,0x8000,,POR,,"Used direct from NVM, no soft-trim"
,,,,,,,,,,Bits 15:0,,VGPR_GAIN
,,ADC_OFFSET_01,MTP Only,0x0DA,218,Protected,16,0xB000,,POR,,"Used direct from NVM, no soft-trim"
,,,,,,,,,,Bits 15:0,,VIN_OFFSET
,,ADC_GAIN_01,MTP Only,0x0DC,220,Protected,16,0x8000,,POR,,"Used direct from NVM, no soft-trim"
,,,,,,,,,,Bits 15:0,,VIN_GAIN
,,ADC_CH_SEL01,MTP Only,0x0DE,222,Protected,16,0x0095,,POR,,Soft-trim in adc_ctrl
,,,,,,,,,,Bits 15:9,,PARITY
,,,,,,,,,,Bit 8,,SPARE
,,,,,,,,,,Bits 7:4,,CH_SEL03
,,,,,,,,,,Bits 3:0,,CH_SEL02
,,ADC_OFFSET_02,MTP Only,0x0E0,224,Protected,16,0xCCB5,,POR,,"Used direct from NVM, no soft-trim"
,,,,,,,,,,Bits 15:0,,IIN_OFFSET
,,ADC_GAIN_02,MTP Only,0x0E2,226,Protected,16,0x8000,,POR,,"Used direct from NVM, no soft-trim"
,,,,,,,,,,Bits 15:0,,IIN_GAIN
,,ADC_OFFSET_03,MTP Only,0x0E4,228,Protected,16,0xB000,,POR,,"Used direct from NVM, no soft-trim"
,,,,,,,,,,Bits 15:0,,VCP_OFFSET
,,ADC_CH_SEL02,MTP Only,0x0E6,230,Protected,16,0x00A6,,POR,,Soft-trim in adc_ctrl
,,,,,,,,,,Bits 15:9,,PARITY
,,,,,,,,,,Bit 8,,SPARE
,,,,,,,,,,Bits 7:4,,CH_SEL05
,,,,,,,,,,Bits 3:0,,CH_SEL04
,,ADC_GAIN_03,MTP Only,0x0E8,232,Protected,16,0x8000,,POR,,"Used direct from NVM, no soft-trim"
,,,,,,,,,,Bits 15:0,,VCP_GAIN
,,ADC_OFFSET_04,MTP Only,0x0EA,234,Protected,16,0xB000,,POR,,"Used direct from NVM, no soft-trim"
,,,,,,,,,,Bits 15:0,,VOUT1_OFFSET
,,ADC_GAIN_04,MTP Only,0x0EC,236,Protected,16,0x8000,,POR,,"Used direct from NVM, no soft-trim"
,,,,,,,,,,Bits 15:0,,VOUT1_GAIN
,,ADC_CH_SEL03,MTP Only,0x0EE,238,Protected,16,0x00B7,,POR,,Soft-trim in adc_ctrl
,,,,,,,,,,Bits 15:9,,PARITY
,,,,,,,,,,Bit 8,,SPARE
,,,,,,,,,,Bits 7:4,,CH_SEL07
,,,,,,,,,,Bits 3:0,,CH_SEL06
,,ADC_OFFSET_05,MTP Only,0x0F0,240,Protected,16,0xB000,,POR,,"Used direct from NVM, no soft-trim"
,,,,,,,,,,Bits 15:0,,VOUT2_OFFSET
,,ADC_GAIN_05,MTP Only,0x0F2,242,Protected,16,0x8000,,POR,,"Used direct from NVM, no soft-trim"
,,,,,,,,,,Bits 15:0,,VOUT2_GAIN
,,ADC_OFFSET_06,MTP Only,0x0F4,244,Protected,16,0xB000,,POR,,"Used direct from NVM, no soft-trim"
,,,,,,,,,,Bits 15:0,,VOUT3_OFFSET
,,ADC_CH_SEL04,MTP Only,0x0F6,246,Protected,16,0x0012,,POR,,Soft-trim in adc_ctrl
,,,,,,,,,,Bits 15:9,,PARITY
,,,,,,,,,,Bit 8,,SPARE
,,,,,,,,,,Bits 7:4,,CH_SEL09
,,,,,,,,,,Bits 3:0,,CH_SEL08
,,ADC_GAIN_06,MTP Only,0x0F8,248,Protected,16,0x8000,,POR,,"Used direct from NVM, no soft-trim"
,,,,,,,,,,Bits 15:0,,VOUT3_GAIN
,,ADC_OFFSET_07,MTP Only,0x0FA,250,Protected,16,0xB000,,POR,,"Used direct from NVM, no soft-trim"
,,,,,,,,,,Bits 15:0,,VOUT4_OFFSET
,,ADC_GAIN_07,MTP Only,0x0FC,252,Protected,16,0x8000,,POR,,"Used direct from NVM, no soft-trim"
,,,,,,,,,,Bits 15:0,,VOUT4_GAIN
,,ADC_CH_SEL05,MTP Only,0x0FE,254,Protected,16,0x00C3,,POR,,Soft-trim in adc_ctrl
,,,,,,,,,,Bits 15:9,,PARITY
,,,,,,,,,,Bit 8,,SPARE
,,,,,,,,,,Bits 7:4,,CH_SEL11
,,,,,,,,,,Bits 3:0,,CH_SEL10
,,ADC_OFFSET_08,MTP Only,0x100,256,Protected,16,0xCF77,,POR,,"Used direct from NVM, no soft-trim"
,,,,,,,,,,Bits 15:0,,IOUT1_OFFSET
,,ADC_GAIN_08,MTP Only,0x102,258,Protected,16,0x8000,,POR,,"Used direct from NVM, no soft-trim"
,,,,,,,,,,Bits 15:0,,IOUT1_GAIN
,,ADC_OFFSET_09,MTP Only,0x104,260,Protected,16,0xCF77,,POR,,"Used direct from NVM, no soft-trim"
,,,,,,,,,,Bits 15:0,,IOUT2_OFFSET
,,ADC_CH_SEL06,MTP Only,0x106,262,Protected,16,0x0000,,POR,,Soft-trim in adc_ctrl
,,,,,,,,,,Bits 15:9,,PARITY
,,,,,,,,,,Bit 8,,SPARE
,,,,,,,,,,Bits 7:4,,CH_SEL13
,,,,,,,,,,Bits 3:0,,CH_SEL12
,,ADC_GAIN_09,MTP Only,0x108,264,Protected,16,0x8000,,POR,,"Used direct from NVM, no soft-trim"
,,,,,,,,,,Bits 15:0,,IOUT2_GAIN
,,ADC_OFFSET_10,MTP Only,0x10A,266,Protected,16,0xCF77,,POR,,"Used direct from NVM, no soft-trim"
,,,,,,,,,,Bits 15:0,,IOUT3_OFFSET
,,ADC_GAIN_10,MTP Only,0x10C,268,Protected,16,0x8000,,POR,,"Used direct from NVM, no soft-trim"
,,,,,,,,,,Bits 15:0,,IOUT3_GAIN
,,ADC_CH_SEL07,MTP Only,0x10E,270,Protected,16,0x0000,,POR,,Soft-trim in adc_ctrl
,,,,,,,,,,Bits 15:9,,PARITY
,,,,,,,,,,Bit 8,,SPARE
,,,,,,,,,,Bits 7:4,,CH_SEL15
,,,,,,,,,,Bits 3:0,,CH_SEL14
,,ADC_OFFSET_11,MTP Only,0x110,272,Protected,16,0xCF77,,POR,,"Used direct from NVM, no soft-trim"
,,,,,,,,,,Bits 15:0,,IOUT4_OFFSET
,,ADC_GAIN_11,MTP Only,0x112,274,Protected,16,0x8000,,POR,,"Used direct from NVM, no soft-trim"
,,,,,,,,,,Bits 15:0,,IOUT4_GAIN
,,ADC_OFFSET_12,MTP Only,0x114,276,Protected,16,0xD182,,POR,,"Used direct from NVM, no soft-trim"
,,,,,,,,,,Bits 15:0,,TEMP_OFFSET
,,ADC_CH_SEL08,MTP Only,0x116,278,Protected,16,0x0000,,POR,,Soft-trim in adc_ctrl
,,,,,,,,,,Bits 15:9,,PARITY
,,,,,,,,,,Bit 8,,SPARE
,,,,,,,,,,Bits 7:4,,CH_SEL17
,,,,,,,,,,Bits 3:0,,CH_SEL16
,,ADC_GAIN_12,MTP Only,0x118,280,Protected,16,0x8000,,POR,,"Used direct from NVM, no soft-trim"
,,,,,,,,,,Bits 15:0,,TEMP_GAIN
,,RTRIM_INFLEX,MTP Only,0x11A,282,Protected,16,0x050C,,POR,,"Used direct from NVM, no soft-trim"
,,,,,,,,,,Bits 15:0,,INFLEX
,,RTRIM_A1,MTP Only,0x11C,284,Protected,16,0xBD6F,,POR,,"Used direct from NVM, no soft-trim"
,,,,,,,,,,Bits 15:0,,A1
,,ADC_CH_SEL09,MTP Only,0x11E,286,Protected,16,0x0000,,POR,,Soft-trim in adc_ctrl
,,,,,,,,,,Bits 15:9,,PARITY
,,,,,,,,,,Bit 8,,SPARE
,,,,,,,,,,Bits 7:4,,CH_SEL19
,,,,,,,,,,Bits 3:0,,CH_SEL18
,,RTRIM_B1,MTP Only,0x120,288,Protected,16,0x44DC,,POR,,"Used direct from NVM, no soft-trim"
,,,,,,,,,,Bits 15:0,,B1
,,RTRIM_A2,MTP Only,0x122,290,Protected,16,0xE322,,POR,,"Used direct from NVM, no soft-trim"
,,,,,,,,,,Bits 15:0,,A2
,,RTRIM_B2,MTP Only,0x124,292,Protected,16,0x41DB,,POR,,"Used direct from NVM, no soft-trim"
,,,,,,,,,,Bits 15:0,,B2
,,ADC_CH_SEL10,MTP Only,0x126,294,Protected,16,0x0000,,POR,,Soft-trim in adc_ctrl
,,,,,,,,,,Bits 15:9,,PARITY
,,,,,,,,,,Bit 8,,SPARE
,,,,,,,,,,Bits 7:4,,CH_SEL21
,,,,,,,,,,Bits 3:0,,CH_SEL20
,,MFR_VOUT_MAX,MTP Only,0x128,296,Protected,16,0x7C00,,POR,,"Read-only, no soft-trim version"
,,,,,,,,,,Bits 15:0,,MFR_VOUT_MAX
,,ADC_SCALE_VOUT,MTP Only,0x12A,298,Protected,16,0x999A,,POR,,"Used direct from NVM, no soft-trim"
,,,,,,,,,,Bits 15:0,,SCALE_VOUT
,,DAC_SCALE_VOUT,MTP Only,0x12C,300,Protected,16,0xD552,,POR,,"Used direct from NVM, no soft-trim"
,,,,,,,,,,Bits 15:0,,SCALE_VOUT
,,ADC_CH_SEL11,MTP Only,0x12E,302,Protected,16,0x0000,,POR,,Soft-trim in adc_ctrl
,,,,,,,,,,Bits 15:9,,PARITY
,,,,,,,,,,Bit 8,,SPARE
,,,,,,,,,,Bits 7:4,,CH_SEL23
,,,,,,,,,,Bits 3:0,,CH_SEL22
,,DAC_SCALE_VOUT_RAMP,MTP Only,0x130,304,Protected,16,0xAEC3,,POR,,"Used direct from NVM, no soft-trim"
,,,,,,,,,,Bits 15:0,,SCALE_VOUT
,,DAC_TRANS_SCALE,MTP Only,0x132,306,Protected,16,0xDA74,,POR,,"Used direct from NVM, no soft-trim"
,,,,,,,,,,Bits 15:0,,SCALE_TRANS
,,ADC_SCALE_IOUT,MTP Only,0x134,308,Protected,16,0x8000,,POR,,"Used direct from NVM, no soft-trim"
,,,,,,,,,,Bits 15:0,,SCALE_IOUT
,,ADC_CH_SEL12,MTP Only,0x136,310,Protected,16,0x0000,,POR,,Soft-trim in adc_ctrl
,,,,,,,,,,Bits 15:9,,PARITY
,,,,,,,,,,Bit 8,,SPARE
,,,,,,,,,,Bits 7:4,,CH_SEL25
,,,,,,,,,,Bits 3:0,,CH_SEL24
,,ADC_SCALE_VGPR,MTP Only,0x138,312,Protected,16,0x999A,,POR,,"Used direct from NVM, no soft-trim"
,,,,,,,,,,Bits 15:0,,SCALE_VGPR
,,ADC_SCALE_VIN,MTP Only,0x13A,314,Protected,16,0xE666,,POR,,"Used direct from NVM, no soft-trim"
,,,,,,,,,,Bits 15:0,,SCALE_VIN
,,ADC_SCALE_IIN,MTP Only,0x13C,316,Protected,16,0xD93B,,POR,,"Used direct from NVM, no soft-trim"
,,,,,,,,,,Bits 15:0,,SCALE_IIN
,,ADC_CH_SEL13,MTP Only,0x13E,318,Protected,16,0x0000,,POR,,Soft-trim in adc_ctrl
,,,,,,,,,,Bits 15:9,,PARITY
,,,,,,,,,,Bit 8,,SPARE
,,,,,,,,,,Bits 7:4,,CH_SEL27
,,,,,,,,,,Bits 3:0,,CH_SEL26
,,ADC_SCALE_TEMP,MTP Only,0x140,320,Protected,16,0xE26A,,POR,,"Used direct from NVM, no soft-trim"
,,,,,,,,,,Bits 15:0,,SCALE_TEMP
,,ADC_SCALE_VCP,MTP Only,0x142,322,Protected,16,0x999A,,POR,,"Used direct from NVM, no soft-trim"
,,,,,,,,,,Bits 15:0,,SCALE_VCP
,,ADC_TEMP_CONV,MTP Only,0x144,324,Protected,16,0x0445,,POR,,"Used direct from NVM, no soft-trim"
,,,,,,,,,,Bits 15:0,,TEMP_CONV
,,ADC_CH_SEL14,MTP Only,0x146,326,Protected,16,0x0000,,POR,,Soft-trim in adc_ctrl
,,,,,,,,,,Bits 15:9,,PARITY
,,,,,,,,,,Bit 8,,SPARE
,,,,,,,,,,Bits 7:4,,CH_SEL29
,,,,,,,,,,Bits 3:0,,CH_SEL28
,,MFR_VIN_MAX,MTP Only,0x148,328,Protected,16,0x7C00,,POR,,"Read-only, no soft-trim version"
,,,,,,,,,,Bits 15:0,,MFR_VIN_MAX
,,MFR_IIN_MAX,MTP Only,0x14A,330,Protected,16,0xD880,,POR,,"Read-only, no soft-trim version"
,,,,,,,,,,Bits 15:0,,MFR_IIN_MAX
,,MFR_VIN_MIN,MTP Only,0x14C,332,Protected,16,0x4CCD,,POR,,"Read-only, no soft-trim version"
,,,,,,,,,,Bits 15:0,,MFR_VIN_MIN
,,ADC_CH_SEL15,MTP Only,0x14E,334,Protected,16,0x00C0,,POR,,Soft-trim in adc_ctrl
,,,,,,,,,,Bits 15:13,,
,,,,,,,,,,Bits 15:9,,PARITY
,,,,,,,,,,Bits 8:4,,CH_LOOP_LIM
,,,,,,,,,,Bits 3:0,,CH_SEL30
,,CONFIGADC1,MTP Only,0x150,336,Protected,16,0x1200,,POR,,Soft-trim in adc_ctrl
,,,,,,,,,,Bits 15:14,,SPARE
,,,,,,,,,,Bits 13:10,,DISCARD
,,,,,,,,,,Bit 9,,BIT_FLIP
,,,,,,,,,,Bit 8,,CLK_RISE
,,,,,,,,,,Bit 7,,ADC_USE_SINC3
,,,,,,,,,,Bits 6:5,,ADC_DECR_OPTIONS
,,,,,,,,,,Bits 4:0,,CLK_ADC_OPTIONS
,,CONFIGADC2,MTP Only,0x152,338,Protected,16,0x1FFF,,POR,,Soft-trim in adc_ctrl
,,,,,,,,,,Bits 15:0,,TRIM_ADC_OS
,,CONFIGADC3,MTP Only,0x154,340,Protected,16,0x1FFF,,POR,,Soft-trim in adc_ctrl
,,,,,,,,,,Bits 15:0,,TRIM_ADC_GN
,,MFR_ID,MTP Only,0x156,342,Protected,16,0x00A5,,POR,,"Read-only, no soft-trim version"
,,,,,,,,,,Bits 15:9,,PARITY
,,,,,,,,,,Bit 8,,SPARE
,,,,,,,,,,Bits 7:0,,MFR_ID
,,CONFIGADC4,MTP Only,0x158,344,Protected,16,0x0003,,POR,,Soft-trim in adc_ctrl
,,,,,,,,,,Bits 15:2,,
,,,,,,,,,,Bits 1:0,,CHOPCFG
,,COORDINATES,MTP Only,0x15A,346,Protected,16,0x0000,,POR,,"Read-only, no soft-trim version"
,,,,,,,,,,Bits 15:8,,DIE_X
,,,,,,,,,,Bits 7:0,,DIE_Y
,,WAFERLOT,MTP Only,0x15C,348,Protected,16,0x0000,,POR,,"Read-only, no soft-trim version"
,,,,,,,,,,Bits 15:10,,WAFER_NO
,,,,,,,,,,Bits 9:0,,LOT_NO
,,CAPABILITY,MTP Only,0x15E,350,Protected,16,0x0050,,POR,,"Read-only, no soft-trim version"
,,,,,,,,,,Bits 15:9,,PARITY
,,,,,,,,,,Bit 8,,SPARE
,,,,,,,,,,Bits 7:0,,CAPABILITY
,,CFG_BUCK0,MTP Only,0x160,352,Protected,16,0xD17C,,POR,,Soft-trim in tst_cfg_ctrl
,,,,,,,,,,Bits 15:0,,CFG0
,,CFG_BUCK1,MTP Only,0x162,354,Protected,16,0x0003,,POR,,Soft-trim in tst_cfg_ctrl
,,,,,,,,,,Bits 15:0,,CFG1
,,CFG_BUCK_GMPZ0,MTP Only,0x164,356,Protected,16,0xA529,,POR,,Soft-trim in tst_cfg_ctrl
,,,,,,,,,,Bits 15:0,,
,,PMBUS_REVISION,MTP Only,0x166,358,Protected,16,0x0033,,POR,,"Read-only, no soft-trim version"
,,,,,,,,,,Bits 15:9,,PARITY
,,,,,,,,,,Bit 8,,SPARE
,,,,,,,,,,Bits 7:0,,REVISION
,,CFG_BUCK_GMPZ1,MTP Only,0x168,360,Protected,16,0x5144,,POR,,Soft-trim in tst_cfg_ctrl
,,,,,,,,,,Bits 15:0,,
,,CFG_BUCK_GMPZ2,MTP Only,0x16A,362,Protected,16,0x0514,,POR,,Soft-trim in tst_cfg_ctrl
,,,,,,,,,,Bits 15:0,,
,,CFG_BUCK_GMPZ3,MTP Only,0x16C,364,Protected,16,0x0000,,POR,,Soft-trim in tst_cfg_ctrl
,,,,,,,,,,Bits 15:0,,
,,IC_DEVICE_ID,MTP Only,0x16E,366,Protected,16,0x000B,,POR,,"Read-only, no soft-trim version"
,,,,,,,,,,Bits 15:9,,PARITY
,,,,,,,,,,Bit 8,,SPARE
,,,,,,,,,,Bits 7:0,,IC_DEVICE_ID
,,TRIM_BUCK0,MTP Only,0x170,368,Protected,16,0x1977,,POR,,Soft-trim in tst_cfg_ctrl
,,,,,,,,,,Bits 15:0,,TRIM0
,,TRIM_BUCK1,MTP Only,0x172,370,Protected,16,0x01DC,,POR,,Soft-trim in tst_cfg_ctrl
,,,,,,,,,,Bits 15:0,,TRIM1
,,TRIM_BUCK2,MTP Only,0x174,372,Protected,16,0x1977,,POR,,Soft-trim in tst_cfg_ctrl
,,,,,,,,,,Bits 15:0,,TRIM2
,,CFG_VDD,MTP Only,0x176,374,Protected,16,0x0000,,POR,,Soft-trim in tst_cfg_ctrl
,,,,,,,,,,Bits 15:9,,PARITY
,,,,,,,,,,Bit 8,,SPARE
,,,,,,,,,,Bits 7:0,,CFG_VDD
,,TRIM_BUCK3,MTP Only,0x178,376,Protected,16,0x01DC,,POR,,Soft-trim in tst_cfg_ctrl
,,,,,,,,,,Bits 15:0,,TRIM3
,,TRIM_BUCK4,MTP Only,0x17A,378,Protected,16,0x1977,,POR,,Soft-trim in tst_cfg_ctrl
,,,,,,,,,,Bits 15:0,,TRIM4
,,TRIM_BUCK5,MTP Only,0x17C,380,Protected,16,0x01DC,,POR,,Soft-trim in tst_cfg_ctrl
,,,,,,,,,,Bits 15:0,,TRIM5
,,PARITY_48_64,MTP Only,0x17E,382,Protected,16,,,POR,,
,,,,,,,,,,Bits 15:9,,PARITY
,,,,,,,,,,Bits 8:0,,SPARE
,,TRIM_BUCK6,MTP Only,0x180,384,Protected,16,0x1977,,POR,,Soft-trim in tst_cfg_ctrl
,,,,,,,,,,Bits 15:0,,TRIM6
,,TRIM_BUCK7,MTP Only,0x182,386,Protected,16,0x01DC,,POR,,Soft-trim in tst_cfg_ctrl
,,,,,,,,,,Bits 15:0,,TRIM7
,,CFG_CP0,MTP Only,0x184,388,Protected,16,0xE693,,POR,,Soft-trim in tst_cfg_ctrl
,,,,,,,,,,Bits 15:0,,CFG0
,,TRIM_BUCK_RAMP,MTP Only,0x186,390,Protected,16,0x0000,,POR,,Soft-trim in tst_cfg_ctrl
,,,,,,,,,,Bits 15:9,,PARITY
,,,,,,,,,,Bit 8,,SPARE
,,,,,,,,,,Bits 7:0,,TRIM
,,CFG_CP1,MTP Only,0x188,392,Protected,16,0x0231,,POR,,Soft-trim in tst_cfg_ctrl
,,,,,,,,,,Bits 15:0,,CFG1
,,TRIM_VREF,MTP Only,0x18A,394,Protected,16,0x0000,,POR,,Soft-trim in tst_cfg_ctrl
,,,,,,,,,,Bits 15:0,,TRIM
,,TRIM_CLK_DLY,MTP Only,0x18C,396,Protected,16,0x55A0,,POR,,Soft-trim in tst_cfg_ctrl
,,,,,,,,,,Bits 15:14,,ALRTO
,,,,,,,,,,Bits 13:12,,ALRT
,,,,,,,,,,Bits 11:10,,SDAO
,,,,,,,,,,Bits 9:8,,SDA
,,,,,,,,,,Bits 7:6,,SCL
,,,,,,,,,,Bits 5:0,,CLK
,,CFGD0_BUCK,MTP Only,0x18E,398,Protected,16,0x0006,,POR,,Soft-trim in power_ctrl
,,,,,,,,,,Bits 15:9,,PARITY
,,,,,,,,,,Bits 8:7,,HSOC_DG
,,,,,,,,,,Bits 6:5,,LSOC_DG
,,,,,,,,,,Bits 4:3,,HICCUP
,,,,,,,,,,Bit 2,,BLEED
,,,,,,,,,,Bits 1:0,,SSG
,,CFG_CPD0,MTP Only,0x190,400,Protected,16,0x4000,,POR,,Soft-trim in power_ctrl
,,,,,,,,,,Bit 15,,SPARE
,,,,,,,,,,Bit 14,,SPD_OK
,,,,,,,,,,Bits 13:10,,OFFFLT
,,,,,,,,,,Bits 9:8,,SETDLY
,,,,,,,,,,Bits 7:6,,SSDLY
,,,,,,,,,,Bits 5:4,,VREFSEL
,,,,,,,,,,Bits 3:2,,OFFCOLD
,,,,,,,,,,Bits 1:0,,COMP_DLY
,,CFG_CPD1,MTP Only,0x192,402,Protected,16,0x0000,,POR,,Soft-trim in power_ctrl
,,,,,,,,,,Bits 15:10,,SPARE
,,,,,,,,,,Bits 9:8,,GDDLY
,,,,,,,,,,Bits 7:4,,BALMAX
,,,,,,,,,,Bits 3:0,,BALMIN
,,CFG_DAC1,MTP Only,0x194,404,Protected,16,0xA861,,POR,,Soft-trim in ps1_ctrl
,,,,,,,,,,Bits 15:13,,STEP
,,,,,,,,,,Bits 12:9,,CLAMP
,,,,,,,,,,Bits 8:6,,UPDATE
,,,,,,,,,,Bit 5,,CAL_EN
,,,,,,,,,,Bits 4:3,,MODGAIN
,,,,,,,,,,Bits 2:0,,DIVSEL
,,TM_GMCLMP,MTP Only,0x196,406,Protected,16,0x0000,,POR,,Soft-trim in glue_logic
,,,,,,,,,,Bits 15:9,,PARITY
,,,,,,,,,,Bit 8,,SPARE
,,,,,,,,,,Bit 7,,TM_GMCLMP4_SEL
,,,,,,,,,,Bit 6,,TM_GMCLMP4_DAT
,,,,,,,,,,Bit 5,,TM_GMCLMP3_SEL
,,,,,,,,,,Bit 4,,TM_GMCLMP3_DAT
,,,,,,,,,,Bit 3,,TM_GMCLMP2_SEL
,,,,,,,,,,Bit 2,,TM_GMCLMP2_DAT
,,,,,,,,,,Bit 1,,TM_GMCLMP1_SEL
,,,,,,,,,,Bit 0,,TM_GMCLMP1_DAT
,,DAC1_TRIM,MTP Only,0x198,408,Protected,16,0x0000,,POR,,Soft-trim in ps1_ctrl
,,,,,,,,,,Bits 15:0,,TRIM
,,CFG_DAC2,MTP Only,0x19A,410,Protected,16,0xA861,,POR,,Soft-trim in ps2_ctrl
,,,,,,,,,,Bits 15:13,,STEP
,,,,,,,,,,Bits 12:9,,CLAMP
,,,,,,,,,,Bits 8:6,,UPDATE
,,,,,,,,,,Bit 5,,CAL_EN
,,,,,,,,,,Bits 4:3,,MODGAIN
,,,,,,,,,,Bits 2:0,,DIVSEL
,,DAC2_TRIM,MTP Only,0x19C,412,Protected,16,0x0000,,POR,,Soft-trim in ps2_ctrl
,,,,,,,,,,Bits 15:0,,TRIM
,,TM_PSUV,MTP Only,0x19E,414,Protected,16,0x0000,,POR,,Soft-trim in glue_logic
,,,,,,,,,,Bits 15:9,,PARITY
,,,,,,,,,,Bit 8,,SPARE
,,,,,,,,,,Bit 7,,TM_PSUV4_SEL
,,,,,,,,,,Bit 6,,TM_PSUV4_DAT
,,,,,,,,,,Bit 5,,TM_PSUV3_SEL
,,,,,,,,,,Bit 4,,TM_PSUV3_DAT
,,,,,,,,,,Bit 3,,TM_PSUV2_SEL
,,,,,,,,,,Bit 2,,TM_PSUV2_DAT
,,,,,,,,,,Bit 1,,TM_PSUV1_SEL
,,,,,,,,,,Bit 0,,TM_PSUV1_DAT
,,CFG_DAC3,MTP Only,0x1A0,416,Protected,16,0xA861,,POR,,Soft-trim in ps3_ctrl
,,,,,,,,,,Bits 15:13,,STEP
,,,,,,,,,,Bits 12:9,,CLAMP
,,,,,,,,,,Bits 8:6,,UPDATE
,,,,,,,,,,Bit 5,,CAL_EN
,,,,,,,,,,Bits 4:3,,MODGAIN
,,,,,,,,,,Bits 2:0,,DIVSEL
,,DAC3_TRIM,MTP Only,0x1A2,418,Protected,16,0x0000,,POR,,Soft-trim in ps3_ctrl
,,,,,,,,,,Bits 15:0,,TRIM
,,CFG_DAC4,MTP Only,0x1A4,420,Protected,16,0xA861,,POR,,Soft-trim in ps4_ctrl
,,,,,,,,,,Bits 15:13,,STEP
,,,,,,,,,,Bits 12:9,,CLAMP
,,,,,,,,,,Bits 8:6,,UPDATE
,,,,,,,,,,Bit 5,,CAL_EN
,,,,,,,,,,Bits 4:3,,MODGAIN
,,,,,,,,,,Bits 2:0,,DIVSEL
,,TM_PSOV,MTP Only,0x1A6,422,Protected,16,0x0000,,POR,,Soft-trim in glue_logic
,,,,,,,,,,Bits 15:9,,PARITY
,,,,,,,,,,Bit 8,,SPARE
,,,,,,,,,,Bit 7,,TM_PSOV4_SEL
,,,,,,,,,,Bit 6,,TM_PSOV4_DAT
,,,,,,,,,,Bit 5,,TM_PSOV3_SEL
,,,,,,,,,,Bit 4,,TM_PSOV3_DAT
,,,,,,,,,,Bit 3,,TM_PSOV2_SEL
,,,,,,,,,,Bit 2,,TM_PSOV2_DAT
,,,,,,,,,,Bit 1,,TM_PSOV1_SEL
,,,,,,,,,,Bit 0,,TM_PSOV1_DAT
,,DAC4_TRIM,MTP Only,0x1A8,424,Protected,16,0x0000,,POR,,Soft-trim in ps4_ctrl
,,,,,,,,,,Bits 15:0,,TRIM
,,VX_OV_FLT_LIM,MTP Only,0x1AA,426,Protected,16,0x3000,,POR,,"Used direct from NVM, no soft-trim"
,,,,,,,,,,Bits 15:0,,VX_OV_FLT_LIM
,,VX_UV_FLT_LIM,MTP Only,0x1AC,428,Protected,16,0x1000,,POR,,"Used direct from NVM, no soft-trim"
,,,,,,,,,,Bits 15:0,,VX_UV_FLT_LIM
,,TM_LSOC,MTP Only,0x1AE,430,Protected,16,0x0000,,POR,,Soft-trim in glue_logic
,,,,,,,,,,Bits 15:9,,PARITY
,,,,,,,,,,Bit 8,,SPARE
,,,,,,,,,,Bit 7,,TM_LSOC4_SEL
,,,,,,,,,,Bit 6,,TM_LSOC4_DAT
,,,,,,,,,,Bit 5,,TM_LSOC3_SEL
,,,,,,,,,,Bit 4,,TM_LSOC3_DAT
,,,,,,,,,,Bit 3,,TM_LSOC2_SEL
,,,,,,,,,,Bit 2,,TM_LSOC2_DAT
,,,,,,,,,,Bit 1,,TM_LSOC1_SEL
,,,,,,,,,,Bit 0,,TM_LSOC1_DAT
,,PSEMI_OT_SET_FLT_LIM,MTP Only,0x1B0,432,Protected,16,0x0258,,POR,,"Used direct from NVM, no soft-trim"
,,,,,,,,,,Bits 15:0,,LIM
,,PSEMI_OT_CLR_FLT_LIM,MTP Only,0x1B2,434,Protected,16,0x01F4,,POR,,"Used direct from NVM, no soft-trim"
,,,,,,,,,,Bits 15:0,,LIM
,,CP_FLT_CONFIG,MTP Only,0x1B4,436,Protected,16,0x03FF,,POR,,Soft-trim in power_ctrl
,,,,,,,,,,Bits 15:10,,SPARE
,,,,,,,,,,Bit 9,,CMPVXUV
,,,,,,,,,,Bit 8,,CMPVXOV
,,,,,,,,,,Bit 7,,ADCVXUV
,,,,,,,,,,Bit 6,,ADCVXOV
,,,,,,,,,,Bit 5,,MFROT
,,,,,,,,,,Bit 4,,PMBOT
,,,,,,,,,,Bit 3,,IINOC
,,,,,,,,,,Bit 2,,VINLOW
,,,,,,,,,,Bit 1,,VINOV
,,,,,,,,,,Bit 0,,VINUV
,,TM_HSOC,MTP Only,0x1B6,438,Protected,16,0x0000,,POR,,Soft-trim in glue_logic
,,,,,,,,,,Bits 15:9,,PARITY
,,,,,,,,,,Bit 8,,SPARE
,,,,,,,,,,Bit 7,,TM_HSOC4_SEL
,,,,,,,,,,Bit 6,,TM_HSOC4_DAT
,,,,,,,,,,Bit 5,,TM_HSOC3_SEL
,,,,,,,,,,Bit 4,,TM_HSOC3_DAT
,,,,,,,,,,Bit 3,,TM_HSOC2_SEL
,,,,,,,,,,Bit 2,,TM_HSOC2_DAT
,,,,,,,,,,Bit 1,,TM_HSOC1_SEL
,,,,,,,,,,Bit 0,,TM_HSOC1_DAT
,,TM_CPSTS,MTP Only,0x1B8,440,Protected,16,0x0000,,POR,,Soft-trim in power_ctrl
,,,,,,,,,,Bit 15,,STS_CP7_SEL
,,,,,,,,,,Bit 14,,STS_CP7_DAT
,,,,,,,,,,Bit 13,,STS_CP6_SEL
,,,,,,,,,,Bit 12,,STS_CP6_DAT
,,,,,,,,,,Bit 11,,STS_CP5_SEL
,,,,,,,,,,Bit 10,,STS_CP5_DAT
,,,,,,,,,,Bit 9,,STS_CP4_SEL
,,,,,,,,,,Bit 8,,STS_CP4_DAT
,,,,,,,,,,Bit 7,,STS_CP3_SEL
,,,,,,,,,,Bit 6,,STS_CP3_DAT
,,,,,,,,,,Bit 5,,STS_CP2_SEL
,,,,,,,,,,Bit 4,,STS_CP2_DAT
,,,,,,,,,,Bit 3,,STS_CP1_SEL
,,,,,,,,,,Bit 2,,STS_CP1_DAT
,,,,,,,,,,Bit 1,,STS_CP0_SEL
,,,,,,,,,,Bit 0,,STS_CP0_DAT
,,CFG_PMBUS,MTP Only,0x1BA,442,Protected,16,0x0000,,POR,,Soft-trim in glue_logic
,,,,,,,,,,Bits 15:1,,SPARE
,,,,,,,,,,Bit 0,,PPLUS_MODE
,,TRIM_DONE,MTP Only,0x1BC,444,Protected,16,0X5A5A,,POR,,
,,,,,,,,,,Bits 15:0,,TRIM_DONE
,,TM_PRECMP,MTP Only,0x1BE,446,Protected,16,0x0000,,POR,,Soft-trim in glue_logic
,,,,,,,,,,Bits 15:9,,PARITY
,,,,,,,,,,Bit 8,,SPARE
,,,,,,,,,,Bit 7,,TM_PREC4_SEL
,,,,,,,,,,Bit 6,,TM_PREC4_DAT
,,,,,,,,,,Bit 5,,TM_PREC3_SEL
,,,,,,,,,,Bit 4,,TM_PREC3_DAT
,,,,,,,,,,Bit 3,,TM_PREC2_SEL
,,,,,,,,,,Bit 2,,TM_PREC2_DAT
,,,,,,,,,,Bit 1,,TM_PREC1_SEL
,,,,,,,,,,Bit 0,,TM_PREC1_DAT
,,,MTP Only,0x1C0,448,Protected,16,,,POR,,
,,,,,,,,,,Bits 15:0,,SPARE
,,,MTP Only,0x1C2,450,Protected,16,,,POR,,
,,,,,,,,,,Bits 15:0,,SPARE
,,,MTP Only,0x1C4,452,Protected,16,,,POR,,
,,,,,,,,,,Bits 15:0,,SPARE
,,TM_L_P3V,MTP Only,0x1C6,454,Protected,16,0x0000,,POR,,Soft-trim in glue_logic
,,,,,,,,,,Bits 15:9,,PARITY
,,,,,,,,,,Bit 8,,SPARE
,,,,,,,,,,Bit 7,,TM_L_P3V4_SEL
,,,,,,,,,,Bit 6,,TM_L_P3V4_DAT
,,,,,,,,,,Bit 5,,TM_L_P3V3_SEL
,,,,,,,,,,Bit 4,,TM_L_P3V3_DAT
,,,,,,,,,,Bit 3,,TM_L_P3V2_SEL
,,,,,,,,,,Bit 2,,TM_L_P3V2_DAT
,,,,,,,,,,Bit 1,,TM_L_P3V1_SEL
,,,,,,,,,,Bit 0,,TM_L_P3V1_DAT
,,,MTP Only,0x1C8,456,Protected,16,,,POR,,
,,,,,,,,,,Bits 15:0,,SPARE
,,,MTP Only,0x1CA,458,Protected,16,,,POR,,
,,,,,,,,,,Bits 15:0,,SPARE
,,,MTP Only,0x1CC,460,Protected,16,,,POR,,
,,,,,,,,,,Bits 15:0,,SPARE
,,PARITY_58_64,MTP Only,0x1CE,462,Protected,16,,,POR,,
,,,,,,,,,,Bits 15:9,,PARITY
,,,,,,,,,,Bits 8:0,,SPARE
,,,MTP Only,0x1D0,464,Protected,16,,,POR,,
,,,,,,,,,,Bits 15:0,,SPARE
,,,MTP Only,0x1D2,466,Protected,16,,,POR,,
,,,,,,,,,,Bits 15:0,,SPARE
,,,MTP Only,0x1D4,468,Protected,16,,,POR,,
,,,,,,,,,,Bits 15:0,,SPARE
,,PARITY_59_64,MTP Only,0x1D6,470,Protected,16,,,POR,,
,,,,,,,,,,Bits 15:9,,PARITY
,,,,,,,,,,Bits 8:0,,SPARE
,,,MTP Only,0x1D8,472,Protected,16,,,POR,,
,,,,,,,,,,Bits 15:0,,SPARE
,,,MTP Only,0x1DA,474,Protected,16,,,POR,,
,,,,,,,,,,Bits 15:0,,SPARE
,,,MTP Only,0x1DC,476,Protected,16,,,POR,,
,,,,,,,,,,Bits 15:0,,SPARE
,,PARITY_60_64,MTP Only,0x1DE,478,Protected,16,,,POR,,
,,,,,,,,,,Bits 15:9,,PARITY
,,,,,,,,,,Bits 8:0,,SPARE
,,,MTP Only,0x1E0,480,Protected,16,,,POR,,
,,,,,,,,,,Bits 15:0,,
,,,MTP Only,0x1E2,482,Protected,16,,,POR,,
,,,,,,,,,,Bits 15:0,,
,,,MTP Only,0x1E4,484,Protected,16,,,POR,,
,,,,,,,,,,Bits 15:0,,
,,PARITY_61_64,MTP Only,0x1E6,486,Protected,16,,,POR,,
,,,,,,,,,,Bits 15:9,,PARITY
,,,,,,,,,,Bits 8:0,,SPARE
,,IOUT_DCR_TEMPCO,MTP Only,0x1E8,488,Protected,16,0x0000,,POR,,Soft-trim in latch_blk
,,,,,,,,,,Bits 15:0,,IOUT_DCR_TC
,,IIN_RSENSE_TEMPCO,MTP Only,0x1EA,490,Protected,16,0x0000,,POR,,Soft-trim in latch_blk
,,,,,,,,,,Bits 15:0,,IIN_RSENSE_TC
,,,MTP Only,0x1EC,492,Protected,16,,,POR,,
,,,,,,,,,,Bits 15:0,,SPARE
,,PARITY_62_64,MTP Only,0x1EE,494,Protected,16,,,POR,,
,,,,,,,,,,Bits 15:9,,PARITY
,,,,,,,,,,Bits 8:0,,SPARE
,,IOUT1_CAL_GAIN,MTP Only,0x1F0,496,Protected,16,0x2000,,POR,,Soft-trim in latch_blk
,,,,,,,,,,Bits 15:0,,IOUT1_CAL_GAIN
,,IOUT2_CAL_GAIN,MTP Only,0x1F2,498,Protected,16,0x2000,,POR,,Soft-trim in latch_blk
,,,,,,,,,,Bits 15:0,,IOUT2_CAL_GAIN
,,IOUT3_CAL_GAIN,MTP Only,0x1F4,500,Protected,16,0x2000,,POR,,Soft-trim in latch_blk
,,,,,,,,,,Bits 15:0,,IOUT3_CAL_GAIN
,,PARITY_63_64,MTP Only,0x1F6,502,Protected,16,,,POR,,
,,,,,,,,,,Bits 15:9,,PARITY
,,,,,,,,,,Bits 8:0,,SPARE
,,IOUT4_CAL_GAIN,MTP Only,0x1F8,504,Protected,16,0x2000,,POR,,Soft-trim in latch_blk
,,,,,,,,,,Bits 15:0,,IOUT4_CAL_GAIN
,,IIN_CAL_GAIN,MTP Only,0x1FA,506,Protected,16,0x2000,,POR,,Soft-trim in latch_blk
,,,,,,,,,,Bits 15:0,,IIN_CAL_GAIN
,,MFR_MASK,MTP Only,0x1FC,508,Protected,16,0x0000,,POR,,Soft-trim in flt_ctrl
,,,,,,,,,,Bit 15,,VOUT
,,,,,,,,,,Bit 14,,IOUT
,,,,,,,,,,Bit 13,,INPUT
,,,,,,,,,,Bit 12,,MFRSP
,,,,,,,,,,Bit 11,,PG
,,,,,,,,,,Bit 10,,FANS
,,,,,,,,,,Bit 9,,OTHER
,,,,,,,,,,Bit 8,,UNKNOWN
,,,,,,,,,,Bit 7,,BUSY
,,,,,,,,,,Bit 6,,OFF
,,,,,,,,,,Bit 5,,VOUTOV
,,,,,,,,,,Bit 4,,IOUTOC
,,,,,,,,,,Bit 3,,VINUV
,,,,,,,,,,Bit 2,,TEMP
,,,,,,,,,,Bit 1,,CML
,,,,,,,,,,Bit 0,,NOA
,,CFG_I2C,MTP Only,0x1FE,510,Protected,16,0x0030,,POR,,Soft-trim in glue_logic
,,,,,,,,,,Bits 15:9,,PARITY
,,,,,,,,,,Bit 8,,SPARE
,,,,,,,,,,Bit 7,,NO_TO
,,,,,,,,,,Bits 6:0,,ADDR
,,VOUT1234_R,RW,0x200,512,Prot_unique,16,,,POR,latch_blk,
,,,,,,,,,,Bits 15:0,,VOUT1_R
,,VOUT1234_MRGN_H_R,RW,0x201,513,Prot_unique,16,,,POR,latch_blk,
,,,,,,,,,,Bits 15:0,,VOUT1_MRGN_H_R
,,VOUT1234_MRGN_L_R,RW,0x202,514,Prot_unique,16,,,POR,latch_blk,
,,,,,,,,,,Bits 15:0,,VOUT1_MRGN_L_R
,,VOUT1234_OV_FLT_LIM_R,RW,0x203,515,Prot_unique,16,,,POR,latch_blk,
,,,,,,,,,,Bits 15:0,,VOUT1_OV_FLT_LIM_R
,,VOUT1234_UV_FLT_LIM_R,RW,0x204,516,Prot_unique,16,,,POR,latch_blk,
,,,,,,,,,,Bits 15:0,,VOUT1_UV_FLT_LIM_R
,,IOUT1234_OC_FLT_LIM_R,RW,0x205,517,Prot_unique,16,,,POR,latch_blk,
,,,,,,,,,,Bits 15:11,,EXPONT
,,,,,,,,,,Bit 10,,SIGN
,,,,,,,,,,Bits 9:0,,VALUE
,,IOUT1234_UC_FLT_LIM_R,RW,0x206,518,Prot_unique,16,,,POR,latch_blk,
,,,,,,,,,,Bits 15:11,,EXPONT
,,,,,,,,,,Bit 10,,SIGN
,,,,,,,,,,Bits 9:0,,VALUE
,,VOUT1234_PGOOD_ON_R,RW,0x207,519,Prot_unique,16,,,POR,latch_blk,
,,,,,,,,,,Bits 15:0,,VOUT1_PGOOD_ON_R
,,VOUT1234_PGOOD_OFF_R,RW,0x208,520,Prot_unique,16,,,POR,latch_blk,
,,,,,,,,,,Bits 15:0,,VOUT1_PGOOD_OFF_R
,,IOUT1234_CAL_GAIN_R,RW,0x209,521,Prot_unique,16,,,POR,latch_blk,
,,,,,,,,,,Bits 15:0,,IOUT1_CAL_GAIN
,,VOUT1_R,RW,0x20A,522,Prot_unique,14,,,POR,latch_blk,
,,,,,,,,,,Bits 13:0,,VOUT1_R
,,VOUT1_MRGN_H_R,RW,0x20B,523,Prot_unique,14,,,POR,latch_blk,
,,,,,,,,,,Bits 13:0,,VOUT1_MRGN_H_R
,,VOUT1_MRGN_L_R,RW,0x20C,524,Prot_unique,14,,,POR,latch_blk,
,,,,,,,,,,Bits 13:0,,VOUT1_MRGN_L_R
,,VOUT1_OV_FLT_LIM_R,RW,0x20D,525,Prot_unique,14,,,POR,latch_blk,
,,,,,,,,,,Bits 13:0,,VOUT1_OV_FLT_LIM_R
,,VOUT1_UV_FLT_LIM_R,RW,0x20E,526,Prot_unique,14,,,POR,latch_blk,
,,,,,,,,,,Bits 13:0,,VOUT1_UV_FLT_LIM_R
,,IOUT1_OC_FLT_LIM_R,RW,0x20F,527,Prot_unique,16,,,POR,latch_blk,
,,,,,,,,,,Bits 15:11,,EXPONT
,,,,,,,,,,Bit 10,,SIGN
,,,,,,,,,,Bits 9:0,,VALUE
,,IOUT1_UC_FLT_LIM_R,RW,0x210,528,Prot_unique,16,,,POR,latch_blk,
,,,,,,,,,,Bits 15:11,,EXPONT
,,,,,,,,,,Bit 10,,SIGN
,,,,,,,,,,Bits 9:0,,VALUE
,,VOUT1_PGOOD_ON_R,RW,0x211,529,Prot_unique,14,,,POR,latch_blk,
,,,,,,,,,,Bits 13:0,,VOUT1_PGOOD_ON_R
,,VOUT1_PGOOD_OFF_R,RW,0x212,530,Prot_unique,14,,,POR,latch_blk,
,,,,,,,,,,Bits 13:0,,VOUT1_PGOOD_OFF_R
,,IOUT_DCR_TEMPCO_R,RW,0x213,531,Protected,16,,,POR,latch_blk,
,,,,,,,,,,Bits 15:0,,IOUT_DCR_TC
,,IIN_RSENSE_TEMPCO_R,RW,0x214,532,Protected,16,,,POR,latch_blk,
,,,,,,,,,,Bits 15:0,,IIN_RSENSE_TC
,,IOUT1_CAL_GAIN_R,RW,0x215,533,Prot_unique,16,,,POR,latch_blk,
,,,,,,,,,,Bits 15:0,,IOUT1_CAL_GAIN
,,VOUT2_R,RW,0x216,534,Prot_unique,14,,,POR,latch_blk,
,,,,,,,,,,Bits 13:0,,VOUT2_R
,,VOUT2_MRGN_H_R,RW,0x217,535,Prot_unique,14,,,POR,latch_blk,
,,,,,,,,,,Bits 13:0,,VOUT2_MRGN_H_R
,,VOUT2_MRGN_L_R,RW,0x218,536,Prot_unique,14,,,POR,latch_blk,
,,,,,,,,,,Bits 13:0,,VOUT2_MRGN_L_R
,,VOUT2_OV_FLT_LIM_R,RW,0x219,537,Prot_unique,14,,,POR,latch_blk,
,,,,,,,,,,Bits 13:0,,VOUT2_OV_FLT_LIM_R
,,VOUT2_UV_FLT_LIM_R,RW,0x21A,538,Prot_unique,14,,,POR,latch_blk,
,,,,,,,,,,Bits 13:0,,VOUT2_UV_FLT_LIM_R
,,IOUT2_OC_FLT_LIM_R,RW,0x21B,539,Prot_unique,16,,,POR,latch_blk,
,,,,,,,,,,Bits 15:11,,EXPONT
,,,,,,,,,,Bit 10,,SIGN
,,,,,,,,,,Bits 9:0,,VALUE
,,IOUT2_UC_FLT_LIM_R,RW,0x21C,540,Prot_unique,16,,,POR,latch_blk,
,,,,,,,,,,Bits 15:11,,EXPONT
,,,,,,,,,,Bit 10,,SIGN
,,,,,,,,,,Bits 9:0,,VALUE
,,VOUT2_PGOOD_ON_R,RW,0x21D,541,Prot_unique,14,,,POR,latch_blk,
,,,,,,,,,,Bits 13:0,,VOUT2_PGOOD_ON_R
,,VOUT2_PGOOD_OFF_R,RW,0x21E,542,Prot_unique,14,,,POR,latch_blk,
,,,,,,,,,,Bits 13:0,,VOUT2_PGOOD_OFF_R
,,IOUT2_CAL_GAIN_R,RW,0x21F,543,Prot_unique,16,,,POR,latch_blk,
,,,,,,,,,,Bits 15:0,,IOUT2_CAL_GAIN
,,VOUT3_R,RW,0x220,544,Prot_unique,14,,,POR,latch_blk,
,,,,,,,,,,Bits 13:0,,VOUT3_R
,,VOUT3_MRGN_H_R,RW,0x221,545,Prot_unique,14,,,POR,latch_blk,
,,,,,,,,,,Bits 13:0,,VOUT3_MRGN_H_R
,,VOUT3_MRGN_L_R,RW,0x222,546,Prot_unique,14,,,POR,latch_blk,
,,,,,,,,,,Bits 13:0,,VOUT3_MRGN_L_R
,,VOUT3_OV_FLT_LIM_R,RW,0x223,547,Prot_unique,14,,,POR,latch_blk,
,,,,,,,,,,Bits 13:0,,VOUT3_OV_FLT_LIM_R
,,VOUT3_UV_FLT_LIM_R,RW,0x224,548,Prot_unique,14,,,POR,latch_blk,
,,,,,,,,,,Bits 13:0,,VOUT3_UV_FLT_LIM_R
,,IOUT3_OC_FLT_LIM_R,RW,0x225,549,Prot_unique,16,,,POR,latch_blk,
,,,,,,,,,,Bits 15:11,,EXPONT
,,,,,,,,,,Bit 10,,SIGN
,,,,,,,,,,Bits 9:0,,VALUE
,,IOUT3_UC_FLT_LIM_R,RW,0x226,550,Prot_unique,16,,,POR,latch_blk,
,,,,,,,,,,Bits 15:11,,EXPONT
,,,,,,,,,,Bit 10,,SIGN
,,,,,,,,,,Bits 9:0,,VALUE
,,VOUT3_PGOOD_ON_R,RW,0x227,551,Prot_unique,14,,,POR,latch_blk,
,,,,,,,,,,Bits 13:0,,VOUT3_PGOOD_ON_R
,,VOUT3_PGOOD_OFF_R,RW,0x228,552,Prot_unique,14,,,POR,latch_blk,
,,,,,,,,,,Bits 13:0,,VOUT3_PGOOD_OFF_R
,,IOUT3_CAL_GAIN_R,RW,0x229,553,Prot_unique,16,,,POR,latch_blk,
,,,,,,,,,,Bits 15:0,,IOUT3_CAL_GAIN
,,VOUT4_R,RW,0x22A,554,Prot_unique,14,,,POR,latch_blk,
,,,,,,,,,,Bits 13:0,,VOUT4_R
,,VOUT4_MRGN_H_R,RW,0x22B,555,Prot_unique,14,,,POR,latch_blk,
,,,,,,,,,,Bits 13:0,,VOUT4_MRGN_H_R
,,VOUT4_MRGN_L_R,RW,0x22C,556,Prot_unique,14,,,POR,latch_blk,
,,,,,,,,,,Bits 13:0,,VOUT4_MRGN_L_R
,,VOUT4_OV_FLT_LIM_R,RW,0x22D,557,Prot_unique,14,,,POR,latch_blk,
,,,,,,,,,,Bits 13:0,,VOUT4_OV_FLT_LIM_R
,,VOUT4_UV_FLT_LIM_R,RW,0x22E,558,Prot_unique,14,,,POR,latch_blk,
,,,,,,,,,,Bits 13:0,,VOUT4_UV_FLT_LIM_R
,,IOUT4_OC_FLT_LIM_R,RW,0x22F,559,Prot_unique,16,,,POR,latch_blk,
,,,,,,,,,,Bits 15:11,,EXPONT
,,,,,,,,,,Bit 10,,SIGN
,,,,,,,,,,Bits 9:0,,VALUE
,,IOUT4_UC_FLT_LIM_R,RW,0x230,560,Prot_unique,16,,,POR,latch_blk,
,,,,,,,,,,Bits 15:11,,EXPONT
,,,,,,,,,,Bit 10,,SIGN
,,,,,,,,,,Bits 9:0,,VALUE
,,VOUT4_PGOOD_ON_R,RW,0x231,561,Prot_unique,14,,,POR,latch_blk,
,,,,,,,,,,Bits 13:0,,VOUT4_PGOOD_ON_R
,,VOUT4_PGOOD_OFF_R,RW,0x232,562,Prot_unique,14,,,POR,latch_blk,
,,,,,,,,,,Bits 13:0,,VOUT4_PGOOD_OFF_R
,,IOUT4_CAL_GAIN_R,RW,0x233,563,Prot_unique,16,,,POR,latch_blk,
,,,,,,,,,,Bits 15:0,,IOUT4_CAL_GAIN
,,READ1234_VOUT,RW,0x234,564,Prot_unique,16,,,POR,latch_blk,
,,,,,,,,,,Bits 15:0,,READ_VOUT1
,,READ1234_IOUT,RW,0x235,565,Prot_unique,16,,,POR,latch_blk,
,,,,,,,,,,Bits 15:11,,EXPONT
,,,,,,,,,,Bit 10,,SIGN
,,,,,,,,,,Bits 9:0,,VALUE
,,READ1_VOUT,RW,0x236,566,Prot_unique,16,,,POR,latch_blk,
,,,,,,,,,,Bits 15:0,,READ_VOUT1
,,READ1_IOUT,RW,0x237,567,Prot_unique,16,,,POR,latch_blk,
,,,,,,,,,,Bits 15:11,,EXPONT
,,,,,,,,,,Bit 10,,SIGN
,,,,,,,,,,Bits 9:0,,VALUE
,,READ2_VOUT,RW,0x238,568,Prot_unique,16,,,POR,latch_blk,
,,,,,,,,,,Bits 15:0,,READ_VOUT2
,,READ2_IOUT,RW,0x239,569,Prot_unique,16,,,POR,latch_blk,
,,,,,,,,,,Bits 15:11,,EXPONT
,,,,,,,,,,Bit 10,,SIGN
,,,,,,,,,,Bits 9:0,,VALUE
,,READ3_VOUT,RW,0x23A,570,Prot_unique,16,,,POR,latch_blk,
,,,,,,,,,,Bits 15:0,,READ_VOUT3
,,READ3_IOUT,RW,0x23B,571,Prot_unique,16,,,POR,latch_blk,
,,,,,,,,,,Bits 15:11,,EXPONT
,,,,,,,,,,Bit 10,,SIGN
,,,,,,,,,,Bits 9:0,,VALUE
,,READ4_VOUT,RW,0x23C,572,Prot_unique,16,,,POR,latch_blk,
,,,,,,,,,,Bits 15:0,,READ_VOUT4
,,READ4_IOUT,RW,0x23D,573,Prot_unique,16,,,POR,latch_blk,
,,,,,,,,,,Bits 15:11,,EXPONT
,,,,,,,,,,Bit 10,,SIGN
,,,,,,,,,,Bits 9:0,,VALUE
,,READ_VIN,RW,0x23E,574,Protected,16,,,POR,latch_blk,
,,,,,,,,,,Bits 15:0,,READ_VIN
,,READ_IIN,RW,0x23F,575,Prot_unique,16,,,POR,latch_blk,
,,,,,,,,,,Bits 15:11,,EXPONT
,,,,,,,,,,Bit 10,,SIGN
,,,,,,,,,,Bits 9:0,,VALUE
,,READ_TEMP_1,RW,0x240,576,Prot_unique,16,,,POR,latch_blk,
,,,,,,,,,,Bits 15:11,,EXPONT
,,,,,,,,,,Bit 10,,SIGN
,,,,,,,,,,Bits 9:0,,VALUE
,,READ_TEMP_K,RW,0x241,577,Protected,11,,,POR,latch_blk,
,,,,,,,,,,Bits 10:0,,VALUE
,,IOUT_FILT_CTRL_R,RW,0x242,578,Protected,11,,,POR,latch_blk,
,,,,,,,,,,Bits 10:0,,IOUT_FILT_CTRL_R
,,VIN_ON_LIM_R,RW,0x243,579,Protected,16,,,POR,latch_blk,
,,,,,,,,,,Bits 15:0,,VIN_ON_LIM_R
,,VIN_OFF_LIM_R,RW,0x244,580,Protected,16,,,POR,latch_blk,
,,,,,,,,,,Bits 15:0,,VIN_OFF_LIM_R
,,OT_FLT_LIM_R,RW,0x245,581,Prot_unique,16,,,POR,latch_blk,
,,,,,,,,,,Bits 15:11,,EXPONT
,,,,,,,,,,Bit 10,,SIGN
,,,,,,,,,,Bits 9:0,,VALUE
,,VIN_OV_FLT_LIM_R,RW,0x246,582,Protected,16,,,POR,latch_blk,
,,,,,,,,,,Bits 15:0,,VIN_OV_FLT_LIM_R
,,VIN_UV_FLT_LIM_R,RW,0x247,583,Protected,16,,,POR,latch_blk,
,,,,,,,,,,Bits 15:0,,VIN_UV_FLT_LIM_R
,,IIN_OC_FLT_LIM_R,RW,0x248,584,Prot_unique,16,,,POR,latch_blk,
,,,,,,,,,,Bits 15:11,,EXPONT
,,,,,,,,,,Bit 10,,SIGN
,,,,,,,,,,Bits 9:0,,VALUE
,,IIN_CAL_GAIN_R,RW,0x249,585,Protected,16,,,POR,latch_blk,
,,,,,,,,,,Bits 15:0,,IIN_CAL_GAIN
,,ADC_RTRIM1_RSLT,RW,0x24A,586,Protected,16,,,POR,latch_blk,
,,,,,,,,,,Bits 15:0,,ADC
,,ADC_RTRIM2_RSLT,RW,0x24B,587,Protected,16,,,POR,latch_blk,
,,,,,,,,,,Bits 15:0,,ADC
,,ADC_RTRIM3_RSLT,RW,0x24C,588,Protected,16,,,POR,latch_blk,
,,,,,,,,,,Bits 15:0,,ADC
,,ADC_RTRIM4_RSLT,RW,0x24D,589,Protected,16,,,POR,latch_blk,
,,,,,,,,,,Bits 15:0,,ADC
,,ADC_VX_RSLT,RW,0x24E,590,Protected,16,,,POR,latch_blk,
,,,,,,,,,,Bits 15:0,,ADC
,,CFG_BUCK0_R,RW,0x280,640,Protected,16,,,POR,tst_cfg_ctrl,
,,,,,,,,,,Bits 15:0,,CFG0
,,CFG_BUCK1_R,RW,0x281,641,Protected,16,,,POR,tst_cfg_ctrl,
,,,,,,,,,,Bits 15:0,,CFG1
,,CFG_BUCK_GMPZ0_R,RW,0x282,642,Protected,16,,,POR,tst_cfg_ctrl,
,,,,,,,,,,Bits 15:0,,CFG0
,,CFG_BUCK_GMPZ1_R,RW,0x283,643,Protected,16,,,POR,tst_cfg_ctrl,
,,,,,,,,,,Bits 15:0,,CFG1
,,CFG_BUCK_GMPZ2_R,RW,0x284,644,Protected,16,,,POR,tst_cfg_ctrl,
,,,,,,,,,,Bits 15:0,,CFG2
,,CFG_BUCK_GMPZ3_R,RW,0x285,645,Protected,16,,,POR,tst_cfg_ctrl,
,,,,,,,,,,Bits 15:0,,CFG3
,,TRIM_BUCK0_R,RW,0x286,646,Protected,16,,,POR,tst_cfg_ctrl,
,,,,,,,,,,Bits 15:0,,TRIM0
,,TRIM_BUCK1_R,RW,0x287,647,Protected,16,,,POR,tst_cfg_ctrl,
,,,,,,,,,,Bits 15:0,,TRIM1
,,TRIM_BUCK2_R,RW,0x288,648,Protected,16,,,POR,tst_cfg_ctrl,
,,,,,,,,,,Bits 15:0,,TRIM2
,,TRIM_BUCK3_R,RW,0x289,649,Protected,16,,,POR,tst_cfg_ctrl,
,,,,,,,,,,Bits 15:0,,TRIM3
,,TRIM_BUCK4_R,RW,0x28A,650,Protected,16,,,POR,tst_cfg_ctrl,
,,,,,,,,,,Bits 15:0,,TRIM4
,,TRIM_BUCK5_R,RW,0x28B,651,Protected,16,,,POR,tst_cfg_ctrl,
,,,,,,,,,,Bits 15:0,,TRIM5
,,TRIM_BUCK6_R,RW,0x28C,652,Protected,16,,,POR,tst_cfg_ctrl,
,,,,,,,,,,Bits 15:0,,TRIM6
,,TRIM_BUCK7_R,RW,0x28D,653,Protected,16,,,POR,tst_cfg_ctrl,
,,,,,,,,,,Bits 15:0,,TRIM7
,,CFG_CP0_R,RW,0x28E,654,Protected,16,,,POR,tst_cfg_ctrl,
,,,,,,,,,,Bits 15:0,,CFG0
,,CFG_CP1_R,RW,0x28F,655,Protected,16,,,POR,tst_cfg_ctrl,
,,,,,,,,,,Bits 15:0,,CFG1
,,CFG_VDD_R,RW,0x290,656,Protected,8,,,POR,tst_cfg_ctrl,
,,,,,,,,,,Bits 7:0,,CFG_VDD
,,TM_VREF_IREF,RW,0x291,657,Protected,6,,,POR,tst_cfg_ctrl,
,,,,,,,,,,Bit 5,,TM_EN_VREF_IREF
,,,,,,,,,,Bits 4:0,,TM_VREF_IREF
,,TM_PMBUS,RW,0x292,658,Protected,9,,,POR,tst_cfg_ctrl,
,,,,,,,,,,Bit 8,,EN_PMBUS
,,,,,,,,,,Bits 7:0,,PMBUS_SC
,,TRIM_BUCK_RAMP_R,RW,0x293,659,Protected,8,,,POR,tst_cfg_ctrl,
,,,,,,,,,,Bits 7:0,,TRIM
,,TRIM_VREF_R,RW,0x294,660,Protected,16,,,POR,tst_cfg_ctrl,
,,,,,,,,,,Bits 15:0,,TRIM
,,TM_BUCK0,RW,0x295,661,Protected,8,,,POR,tst_cfg_ctrl,
,,,,,,,,,,Bits 7:0,,TM0
,,TM_BUCK_RAMP,RW,0x296,662,Protected,4,,,POR,tst_cfg_ctrl,
,,,,,,,,,,Bits 3:0,,TM
,,TM_EN_BUCK,RW,0x297,663,Protected,11,,,POR,tst_cfg_ctrl,
,,,,,,,,,,Bits 10:0,,TM
,,TADDRA,RW,0x298,664,Protected,8,,,POR,tst_cfg_ctrl,
,,,,,,,,,,Bits 7:0,,TADDRA
,,TADDRD,RW,0x299,665,Protected,8,,,POR,tst_cfg_ctrl,
,,,,,,,,,,Bits 7:0,,TADDRD
,,DTBCTRL0,RW,0x29A,666,Protected,14,,,POR,tst_cfg_ctrl,
,,,,,,,,,,Bits 13:7,,DTBSEL1
,,,,,,,,,,Bits 6:0,,DTBSEL0
,,TM_CP0,RW,0x29B,667,Protected,16,,,POR,tst_cfg_ctrl,
,,,,,,,,,,Bits 15:0,,TM_CP
,,TM_CP1,RW,0x29C,668,Protected,3,,,POR,tst_cfg_ctrl,
,,,,,,,,,,Bits 2:0,,TM_EN_CP
,,TM_AEN_DEN,RW,0x29D,669,Protected,6,,,POR,tst_cfg_ctrl,
,,,,,,,,,,Bit 5,,EN_TMUXOUT
,,,,,,,,,,Bit 4,,TMUX_SWAP
,,,,,,,,,,Bits 3:2,,DEN
,,,,,,,,,,Bits 1:0,,AEN
,,TM_CLOCKS,RW,0x29E,670,Protected,4,,,POR,tst_cfg_ctrl,
,,,,,,,,,,Bit 3,,EN_OSC
,,,,,,,,,,Bit 2,,CLK
,,,,,,,,,,Bit 1,,CLKEXT
,,,,,,,,,,Bit 0,,STOPCLK
,,TRIM_CLK_DLY_R,RW,0x29F,671,Protected,16,,0x55A0,POR,tst_cfg_ctrl,
,,,,,,,,,,Bits 15:14,,ALRTO
,,,,,,,,,,Bits 13:12,,ALRT
,,,,,,,,,,Bits 11:10,,SDAO
,,,,,,,,,,Bits 9:8,,SDA
,,,,,,,,,,Bits 7:6,,SCL
,,,,,,,,,,Bits 5:0,,CLK
,,,RW,0x2A0,672,Protected,16,,,POR,,
,,,,,,,,,,Bit 15,,
,,,,,,,,,,Bit 14,,
,,,,,,,,,,Bit 13,,
,,,,,,,,,,Bit 12,,
,,,,,,,,,,Bit 11,,
,,,,,,,,,,Bit 10,,
,,,,,,,,,,Bit 9,,
,,,,,,,,,,Bit 8,,
,,,,,,,,,,Bit 7,,
,,,,,,,,,,Bit 6,,
,,,,,,,,,,Bit 5,,
,,,,,,,,,,Bit 4,,
,,,,,,,,,,Bit 3,,
,,,,,,,,,,Bit 2,,
,,,,,,,,,,Bit 1,,
,,,,,,,,,,Bit 0,,
,,STATUS_INPUT_MASK_R,RW,0x2C0,704,Protected,8,,0xFF,POR,flt_ctrl,
,,,,,,,,,,Bits 7:0,,STATUS_INPUT_MASK_R
,,STATUS_MFR_MASK_R,RW,0x2C1,705,Protected,8,,0xFF,POR,flt_ctrl,
,,,,,,,,,,Bits 7:0,,STATUS_MFR_MASK_R
,,STATUS1234_VOUT_MASK_R,RW,0x2C2,706,Prot_unique,8,,0xFF,POR,flt_ctrl,
,,,,,,,,,,Bits 7:0,,VOUT_MASK
,,STATUS1234_IOUT_MASK_R,RW,0x2C3,707,Prot_unique,8,,0xFF,POR,flt_ctrl,
,,,,,,,,,,Bits 7:0,,IOUT_MASK
,,STATUS1_IVOUT_MASK_R,RW,0x2C4,708,Prot_unique,16,,0xFFFF,POR,flt_ctrl,
,,,,,,,,,,Bits 15:8,,IOUT_MASK
,,,,,,,,,,Bits 7:0,,VOUT_MASK
,,STATUS1_VOUT_MASK_R,RW,0x2C5,709,Prot_unique,8,,0xFF,POR,flt_ctrl,
,,,,,,,,,,Bits 7:0,,VOUT_MASK
,,STATUS1_IOUT_MASK_R,RW,0x2C6,710,Prot_unique,8,,0xFF,POR,flt_ctrl,
,,,,,,,,,,Bits 7:0,,IOUT_MASK
,,STATUS_TEMP_MASK_R,RW,0x2C7,711,Protected,8,,0xFF,POR,flt_ctrl,
,,,,,,,,,,Bits 7:0,,STATUS_TEMP_MASK_R
,,STATUS2_IVOUT_MASK_R,RW,0x2C8,712,Prot_unique,16,,0xFFFF,POR,flt_ctrl,
,,,,,,,,,,Bits 15:8,,IOUT_MASK
,,,,,,,,,,Bits 7:0,,VOUT_MASK
,,STATUS2_VOUT_MASK_R,RW,0x2C9,713,Prot_unique,8,,0xFF,POR,flt_ctrl,
,,,,,,,,,,Bits 7:0,,VOUT_MASK
,,STATUS2_IOUT_MASK_R,RW,0x2CA,714,Prot_unique,8,,0xFF,POR,flt_ctrl,
,,,,,,,,,,Bits 7:0,,IOUT_MASK
,,STATUS3_IVOUT_MASK_R,RW,0x2CB,715,Prot_unique,16,,0xFFFF,POR,flt_ctrl,
,,,,,,,,,,Bits 15:8,,IOUT_MASK
,,,,,,,,,,Bits 7:0,,VOUT_MASK
,,STATUS3_VOUT_MASK_R,RW,0x2CC,716,Prot_unique,8,,0xFF,POR,flt_ctrl,
,,,,,,,,,,Bits 7:0,,VOUT_MASK
,,STATUS3_IOUT_MASK_R,RW,0x2CD,717,Prot_unique,8,,0xFF,POR,flt_ctrl,
,,,,,,,,,,Bits 7:0,,IOUT_MASK
,,STATUS4_IVOUT_MASK_R,RW,0x2CE,718,Prot_unique,16,,0xFFFF,POR,flt_ctrl,
,,,,,,,,,,Bits 15:8,,IOUT_MASK
,,,,,,,,,,Bits 7:0,,VOUT_MASK
,,STATUS4_VOUT_MASK_R,RW,0x2CF,719,Prot_unique,8,,0xFF,POR,flt_ctrl,
,,,,,,,,,,Bits 7:0,,VOUT_MASK
,,STATUS4_IOUT_MASK_R,RW,0x2D0,720,Prot_unique,8,,0xFF,POR,flt_ctrl,
,,,,,,,,,,Bits 7:0,,IOUT_MASK
,,STATUS_CML_MASK_R,RW,0x2D1,721,Protected,8,,0xFF,POR,flt_ctrl,
,,,,,,,,,,Bits 7:0,,STATUS_CML_MASK_R
,,STATUS_OTHER_MASK_R,RW,0x2D2,722,Protected,8,,0xFF,POR,flt_ctrl,
,,,,,,,,,,Bits 7:0,,STATUS_OTHER_MASK_R
,,MFR_MASK_R,RW,0x2D3,723,Protected,16,,,POR,flt_ctrl,
,,,,,,,,,,Bit 15,,VOUT
,,,,,,,,,,Bit 14,,IOUT
,,,,,,,,,,Bit 13,,INPUT
,,,,,,,,,,Bit 12,,MFRSP
,,,,,,,,,,Bit 11,,PG
,,,,,,,,,,Bit 10,,FANS
,,,,,,,,,,Bit 9,,OTHER
,,,,,,,,,,Bit 8,,UNKNOWN
,,,,,,,,,,Bit 7,,BUSY
,,,,,,,,,,Bit 6,,OFF
,,,,,,,,,,Bit 5,,VOUTOV
,,,,,,,,,,Bit 4,,IOUTOC
,,,,,,,,,,Bit 3,,VINUV
,,,,,,,,,,Bit 2,,TEMP
,,,,,,,,,,Bit 1,,CML
,,,,,,,,,,Bit 0,,NOA
,,,RW,0x2D4,724,Protected,8,,,POR,flt_ctrl,
,,,,,,,,,,Bits 7:0,,
,,,RW,0x2D5,725,Protected,8,,,POR,flt_ctrl,
,,,,,,,,,,Bits 7:0,,
,,CLEAR_FAULTS,RW,0x2D6,726,Prot_unique,16,,,POR,flt_ctrl,
,,,,,,,,,,Bit 15,,OR_OPERATION
,,,,,,,,,,Bit 14,,AND_OPERATION
,,,,,,,,,,Bits 13:0,,CLEAR_FAULTS
,,STATUS1234,RW,0x2D7,727,Prot_unique,16,,,POR,flt_ctrl,
,,,,,,,,,,Bit 15,,VOUT
,,,,,,,,,,Bit 14,,IOUT
,,,,,,,,,,Bit 13,,INPUT
,,,,,,,,,,Bit 12,,MFRSPECIFIC
,,,,,,,,,,Bit 11,,PG_STATUS
,,,,,,,,,,Bit 10,,FANS
,,,,,,,,,,Bit 9,,OTHER
,,,,,,,,,,Bit 8,,UNKNOWN
,,,,,,,,,,Bit 7,,BUSY
,,,,,,,,,,Bit 6,,OFF
,,,,,,,,,,Bit 5,,VOUT_OV_FLT
,,,,,,,,,,Bit 4,,IOUT_OC_FLT
,,,,,,,,,,Bit 3,,VIN_UV_FLT
,,,,,,,,,,Bit 2,,TEMPERATURE
,,,,,,,,,,Bit 1,,CML
,,,,,,,,,,Bit 0,,NOA
,,STATUS1234_VOUT,RW,0x2D8,728,Prot_unique,12,,,POR,flt_ctrl,
,,,,,,,,,,Bit 11,,OR_OPERATION
,,,,,,,,,,Bit 10,,AND_OPERATION
,,,,,,,,,,Bit 9,,OV_LIVE
,,,,,,,,,,Bit 8,,UV_LIVE
,,,,,,,,,,Bit 7,,VOUT_OV_FLT
,,,,,,,,,,Bit 6,,VOUT_OV_WARN
,,,,,,,,,,Bit 5,,VOUT_UV_WARN
,,,,,,,,,,Bit 4,,VOUT_UV_FLT
,,,,,,,,,,Bit 3,,VOUT_MAX_MIN
,,,,,,,,,,Bit 2,,VOUT_TON_FLT
,,,,,,,,,,Bit 1,,VOUT_TOFF_FLT
,,,,,,,,,,Bit 0,,VOUT_TRACK_FLT
,,STATUS1234_IOUT,RW,0x2D9,729,Prot_unique,12,,,POR,flt_ctrl,
,,,,,,,,,,Bit 11,,OR_OPERATION
,,,,,,,,,,Bit 10,,AND_OPERATION
,,,,,,,,,,Bit 9,,OC_LIVE
,,,,,,,,,,Bit 8,,UC_LIVE
,,,,,,,,,,Bit 7,,IOUT_OC_FLT
,,,,,,,,,,Bit 6,,IOUT_OC_LV_FLT
,,,,,,,,,,Bit 5,,IOUT_OC_WARN
,,,,,,,,,,Bit 4,,IOUT_UC_FLT
,,,,,,,,,,Bit 3,,IOUT_SHARE_FLT
,,,,,,,,,,Bit 2,,OP_PWR_LIM_FLT
,,,,,,,,,,Bit 1,,OP_OP_FLT
,,,,,,,,,,Bit 0,,OP_OP_WARN
,,STATUS1,RW,0x2DA,730,Prot_unique,16,,,POR,flt_ctrl,
,,,,,,,,,,Bit 15,,VOUT
,,,,,,,,,,Bit 14,,IOUT
,,,,,,,,,,Bit 13,,INPUT
,,,,,,,,,,Bit 12,,MFRSPECIFIC
,,,,,,,,,,Bit 11,,PG_STATUS
,,,,,,,,,,Bit 10,,FANS
,,,,,,,,,,Bit 9,,OTHER
,,,,,,,,,,Bit 8,,UNKNOWN
,,,,,,,,,,Bit 7,,BUSY
,,,,,,,,,,Bit 6,,OFF
,,,,,,,,,,Bit 5,,VOUT_OV_FLT
,,,,,,,,,,Bit 4,,IOUT_OC_FLT
,,,,,,,,,,Bit 3,,VIN_UV_FLT
,,,,,,,,,,Bit 2,,TEMPERATURE
,,,,,,,,,,Bit 1,,CML
,,,,,,,,,,Bit 0,,NOA
,,STATUS1_VOUT,RW,0x2DB,731,Prot_unique,12,,,POR,flt_ctrl,
,,,,,,,,,,Bit 11,,OR_OPERATION
,,,,,,,,,,Bit 10,,AND_OPERATION
,,,,,,,,,,Bit 9,,OV_LIVE
,,,,,,,,,,Bit 8,,UV_LIVE
,,,,,,,,,,Bit 7,,VOUT_OV_FLT
,,,,,,,,,,Bit 6,,VOUT_OV_WARN
,,,,,,,,,,Bit 5,,VOUT_UV_WARN
,,,,,,,,,,Bit 4,,VOUT_UV_FLT
,,,,,,,,,,Bit 3,,VOUT_MAX_MIN
,,,,,,,,,,Bit 2,,VOUT_TON_FLT
,,,,,,,,,,Bit 1,,VOUT_TOFF_FLT
,,,,,,,,,,Bit 0,,VOUT_TRACK_FLT
,,STATUS1_IOUT,RW,0x2DC,732,Prot_unique,12,,,POR,flt_ctrl,
,,,,,,,,,,Bit 11,,OR_OPERATION
,,,,,,,,,,Bit 10,,AND_OPERATION
,,,,,,,,,,Bit 9,,OC_LIVE
,,,,,,,,,,Bit 8,,UC_LIVE
,,,,,,,,,,Bit 7,,IOUT_OC_FLT
,,,,,,,,,,Bit 6,,IOUT_OC_LV_FLT
,,,,,,,,,,Bit 5,,IOUT_OC_WARN
,,,,,,,,,,Bit 4,,IOUT_UC_FLT
,,,,,,,,,,Bit 3,,IOUT_SHARE_FLT
,,,,,,,,,,Bit 2,,OP_PWR_LIM_FLT
,,,,,,,,,,Bit 1,,OP_OP_FLT
,,,,,,,,,,Bit 0,,OP_OP_WARN
,,STATUS2,RW,0x2DD,733,Prot_unique,16,,,POR,flt_ctrl,
,,,,,,,,,,Bit 15,,VOUT
,,,,,,,,,,Bit 14,,IOUT
,,,,,,,,,,Bit 13,,INPUT
,,,,,,,,,,Bit 12,,MFRSPECIFIC
,,,,,,,,,,Bit 11,,PG_STATUS
,,,,,,,,,,Bit 10,,FANS
,,,,,,,,,,Bit 9,,OTHER
,,,,,,,,,,Bit 8,,UNKNOWN
,,,,,,,,,,Bit 7,,BUSY
,,,,,,,,,,Bit 6,,OFF
,,,,,,,,,,Bit 5,,VOUT_OV_FLT
,,,,,,,,,,Bit 4,,IOUT_OC_FLT
,,,,,,,,,,Bit 3,,VIN_UV_FLT
,,,,,,,,,,Bit 2,,TEMPERATURE
,,,,,,,,,,Bit 1,,CML
,,,,,,,,,,Bit 0,,NOA
,,STATUS2_VOUT,RW,0x2DE,734,Prot_unique,12,,,POR,flt_ctrl,
,,,,,,,,,,Bit 11,,OR_OPERATION
,,,,,,,,,,Bit 10,,AND_OPERATION
,,,,,,,,,,Bit 9,,OV_LIVE
,,,,,,,,,,Bit 8,,UV_LIVE
,,,,,,,,,,Bit 7,,VOUT_OV_FLT
,,,,,,,,,,Bit 6,,VOUT_OV_WARN
,,,,,,,,,,Bit 5,,VOUT_UV_WARN
,,,,,,,,,,Bit 4,,VOUT_UV_FLT
,,,,,,,,,,Bit 3,,VOUT_MAX_MIN
,,,,,,,,,,Bit 2,,VOUT_TON_FLT
,,,,,,,,,,Bit 1,,VOUT_TOFF_FLT
,,,,,,,,,,Bit 0,,VOUT_TRACK_FLT
,,STATUS2_IOUT,RW,0x2DF,735,Prot_unique,12,,,POR,flt_ctrl,
,,,,,,,,,,Bit 11,,OR_OPERATION
,,,,,,,,,,Bit 10,,AND_OPERATION
,,,,,,,,,,Bit 9,,OC_LIVE
,,,,,,,,,,Bit 8,,UC_LIVE
,,,,,,,,,,Bit 7,,IOUT_OC_FLT
,,,,,,,,,,Bit 6,,IOUT_OC_LV_FLT
,,,,,,,,,,Bit 5,,IOUT_OC_WARN
,,,,,,,,,,Bit 4,,IOUT_UC_FLT
,,,,,,,,,,Bit 3,,IOUT_SHARE_FLT
,,,,,,,,,,Bit 2,,OP_PWR_LIM_FLT
,,,,,,,,,,Bit 1,,OP_OP_FLT
,,,,,,,,,,Bit 0,,OP_OP_WARN
,,STATUS3,RW,0x2E0,736,Prot_unique,16,,,POR,flt_ctrl,
,,,,,,,,,,Bit 15,,VOUT
,,,,,,,,,,Bit 14,,IOUT
,,,,,,,,,,Bit 13,,INPUT
,,,,,,,,,,Bit 12,,MFRSPECIFIC
,,,,,,,,,,Bit 11,,PG_STATUS
,,,,,,,,,,Bit 10,,FANS
,,,,,,,,,,Bit 9,,OTHER
,,,,,,,,,,Bit 8,,UNKNOWN
,,,,,,,,,,Bit 7,,BUSY
,,,,,,,,,,Bit 6,,OFF
,,,,,,,,,,Bit 5,,VOUT_OV_FLT
,,,,,,,,,,Bit 4,,IOUT_OC_FLT
,,,,,,,,,,Bit 3,,VIN_UV_FLT
,,,,,,,,,,Bit 2,,TEMPERATURE
,,,,,,,,,,Bit 1,,CML
,,,,,,,,,,Bit 0,,NOA
,,STATUS3_VOUT,RW,0x2E1,737,Prot_unique,12,,,POR,flt_ctrl,
,,,,,,,,,,Bit 11,,OR_OPERATION
,,,,,,,,,,Bit 10,,AND_OPERATION
,,,,,,,,,,Bit 9,,OV_LIVE
,,,,,,,,,,Bit 8,,UV_LIVE
,,,,,,,,,,Bit 7,,VOUT_OV_FLT
,,,,,,,,,,Bit 6,,VOUT_OV_WARN
,,,,,,,,,,Bit 5,,VOUT_UV_WARN
,,,,,,,,,,Bit 4,,VOUT_UV_FLT
,,,,,,,,,,Bit 3,,VOUT_MAX_MIN
,,,,,,,,,,Bit 2,,VOUT_TON_FLT
,,,,,,,,,,Bit 1,,VOUT_TOFF_FLT
,,,,,,,,,,Bit 0,,VOUT_TRACK_FLT
,,STATUS3_IOUT,RW,0x2E2,738,Prot_unique,12,,,POR,flt_ctrl,
,,,,,,,,,,Bit 11,,OR_OPERATION
,,,,,,,,,,Bit 10,,AND_OPERATION
,,,,,,,,,,Bit 9,,OC_LIVE
,,,,,,,,,,Bit 8,,UC_LIVE
,,,,,,,,,,Bit 7,,IOUT_OC_FLT
,,,,,,,,,,Bit 6,,IOUT_OC_LV_FLT
,,,,,,,,,,Bit 5,,IOUT_OC_WARN
,,,,,,,,,,Bit 4,,IOUT_UC_FLT
,,,,,,,,,,Bit 3,,IOUT_SHARE_FLT
,,,,,,,,,,Bit 2,,OP_PWR_LIM_FLT
,,,,,,,,,,Bit 1,,OP_OP_FLT
,,,,,,,,,,Bit 0,,OP_OP_WARN
,,STATUS4,RW,0x2E3,739,Prot_unique,16,,,POR,flt_ctrl,
,,,,,,,,,,Bit 15,,VOUT
,,,,,,,,,,Bit 14,,IOUT
,,,,,,,,,,Bit 13,,INPUT
,,,,,,,,,,Bit 12,,MFRSPECIFIC
,,,,,,,,,,Bit 11,,PG_STATUS
,,,,,,,,,,Bit 10,,FANS
,,,,,,,,,,Bit 9,,OTHER
,,,,,,,,,,Bit 8,,UNKNOWN
,,,,,,,,,,Bit 7,,BUSY
,,,,,,,,,,Bit 6,,OFF
,,,,,,,,,,Bit 5,,VOUT_OV_FLT
,,,,,,,,,,Bit 4,,IOUT_OC_FLT
,,,,,,,,,,Bit 3,,VIN_UV_FLT
,,,,,,,,,,Bit 2,,TEMPERATURE
,,,,,,,,,,Bit 1,,CML
,,,,,,,,,,Bit 0,,NOA
,,STATUS4_VOUT,RW,0x2E4,740,Prot_unique,12,,,POR,flt_ctrl,
,,,,,,,,,,Bit 11,,OR_OPERATION
,,,,,,,,,,Bit 10,,AND_OPERATION
,,,,,,,,,,Bit 9,,OV_LIVE
,,,,,,,,,,Bit 8,,UV_LIVE
,,,,,,,,,,Bit 7,,VOUT_OV_FLT
,,,,,,,,,,Bit 6,,VOUT_OV_WARN
,,,,,,,,,,Bit 5,,VOUT_UV_WARN
,,,,,,,,,,Bit 4,,VOUT_UV_FLT
,,,,,,,,,,Bit 3,,VOUT_MAX_MIN
,,,,,,,,,,Bit 2,,VOUT_TON_FLT
,,,,,,,,,,Bit 1,,VOUT_TOFF_FLT
,,,,,,,,,,Bit 0,,VOUT_TRACK_FLT
,,STATUS4_IOUT,RW,0x2E5,741,Prot_unique,12,,,POR,flt_ctrl,
,,,,,,,,,,Bit 11,,OR_OPERATION
,,,,,,,,,,Bit 10,,AND_OPERATION
,,,,,,,,,,Bit 9,,OC_LIVE
,,,,,,,,,,Bit 8,,UC_LIVE
,,,,,,,,,,Bit 7,,IOUT_OC_FLT
,,,,,,,,,,Bit 6,,IOUT_OC_LV_FLT
,,,,,,,,,,Bit 5,,IOUT_OC_WARN
,,,,,,,,,,Bit 4,,IOUT_UC_FLT
,,,,,,,,,,Bit 3,,IOUT_SHARE_FLT
,,,,,,,,,,Bit 2,,OP_PWR_LIM_FLT
,,,,,,,,,,Bit 1,,OP_OP_FLT
,,,,,,,,,,Bit 0,,OP_OP_WARN
,,STATUS_TEMP,RW,0x2E6,742,Prot_unique,11,,,POR,flt_ctrl,
,,,,,,,,,,Bit 10,,OR_OPERATION
,,,,,,,,,,Bit 9,,AND_OPERATION
,,,,,,,,,,Bit 8,,OT_LIVE
,,,,,,,,,,Bit 7,,OT_FLT
,,,,,,,,,,Bit 6,,OT_WARN
,,,,,,,,,,Bit 5,,UT_WARN
,,,,,,,,,,Bit 4,,UT_FLT
,,,,,,,,,,Bits 3:0,,RESERVED
,,STATUS_INPUT,RW,0x2E7,743,Prot_unique,14,,,POR,flt_ctrl,
,,,,,,,,,,Bit 13,,OR_OPERATION
,,,,,,,,,,Bit 12,,AND_OPERATION
,,,,,,,,,,Bit 11,,OV_LIVE
,,,,,,,,,,Bit 10,,UV_LIVE
,,,,,,,,,,Bit 9,,LOW_LIVE
,,,,,,,,,,Bit 8,,OC_LIVE
,,,,,,,,,,Bit 7,,VIN_OV_FLT
,,,,,,,,,,Bit 6,,VIN_OV_WARN
,,,,,,,,,,Bit 5,,VIN_UV_WARN
,,,,,,,,,,Bit 4,,VIN_UV_FLT
,,,,,,,,,,Bit 3,,VIN_TOO_LOW
,,,,,,,,,,Bit 2,,IIN_OC_FLT
,,,,,,,,,,Bit 1,,IIN_OC_WARN
,,,,,,,,,,Bit 0,,IP_OP_WARN
,,STATUS_CML,RW,0x2E8,744,Prot_unique,10,,,POR,flt_ctrl,
,,,,,,,,,,Bit 9,,OR_OPERATION
,,,,,,,,,,Bit 8,,AND_OPERATION
,,,,,,,,,,Bit 7,,BAD_CMD
,,,,,,,,,,Bit 6,,BAD_DATA
,,,,,,,,,,Bit 5,,PEC_FAIL
,,,,,,,,,,Bit 4,,MEM_FLT
,,,,,,,,,,Bit 3,,PROC_FLT
,,,,,,,,,,Bit 2,,RESERVED
,,,,,,,,,,Bit 1,,COMMS_OTHER
,,,,,,,,,,Bit 0,,ML_OTHER
,,STATUS_OTHER,RW,0x2E9,745,Prot_unique,10,,,POR,flt_ctrl,
,,,,,,,,,,Bit 9,,OR_OPERATION
,,,,,,,,,,Bit 8,,AND_OPERATION
,,,,,,,,,,Bits 7:6,,RSVD
,,,,,,,,,,Bit 5,,A_FUSE_FLT
,,,,,,,,,,Bit 4,,B_FUSE_FLT
,,,,,,,,,,Bit 3,,A_OR_FLT
,,,,,,,,,,Bit 2,,B_OR_FLT
,,,,,,,,,,Bit 1,,OP_OR_FLT
,,,,,,,,,,Bit 0,,FIRST_SMB
,,STATUS_MFR_SPECIFIC,RW,0x2EA,746,Prot_unique,12,,,POR,flt_ctrl,
,,,,,,,,,,Bit 11,,OR_OPERATION
,,,,,,,,,,Bit 10,,AND_OPERATION
,,,,,,,,,,Bit 9,,OT_LIVE
,,,,,,,,,,Bit 8,,CP_LIVE
,,,,,,,,,,Bits 7:2,,RESERVED
,,,,,,,,,,Bit 1,,OT_FLT
,,,,,,,,,,Bit 0,,CP_RDYb
,,STATUS_CHARGE_PUMP,RW,0x2EB,747,Prot_unique,10,,,POR,flt_ctrl,
,,,,,,,,,,Bit 9,,OR_OPERATION
,,,,,,,,,,Bit 8,,AND_OPERATION
,,,,,,,,,,Bits 7:4,,SPARE
,,,,,,,,,,Bit 3,,ANA_VXUV
,,,,,,,,,,Bit 2,,ADC_VXUV
,,,,,,,,,,Bit 1,,ANA_VXOV
,,,,,,,,,,Bit 0,,ADC_VXOV
,,STATUS1_MFR_VOUT,RW,0x2EC,748,Prot_unique,10,,,POR,flt_ctrl,
,,,,,,,,,,Bit 9,,OR_OPERATION
,,,,,,,,,,Bit 8,,AND_OPERATION
,,,,,,,,,,Bits 7:3,,SPARE
,,,,,,,,,,Bit 2,,CALIBRATION
,,,,,,,,,,Bit 1,,CAL_MAX
,,,,,,,,,,Bit 0,,ADC_PG_OK
,,STATUS2_MFR_VOUT,RW,0x2ED,749,Prot_unique,10,,,POR,flt_ctrl,
,,,,,,,,,,Bit 9,,OR_OPERATION
,,,,,,,,,,Bit 8,,AND_OPERATION
,,,,,,,,,,Bits 7:3,,SPARE
,,,,,,,,,,Bit 2,,CALIBRATION
,,,,,,,,,,Bit 1,,CAL_MAX
,,,,,,,,,,Bit 0,,ADC_PG_OK
,,STATUS3_MFR_VOUT,RW,0x2EE,750,Prot_unique,10,,,POR,flt_ctrl,
,,,,,,,,,,Bit 9,,OR_OPERATION
,,,,,,,,,,Bit 8,,AND_OPERATION
,,,,,,,,,,Bits 7:3,,SPARE
,,,,,,,,,,Bit 2,,CALIBRATION
,,,,,,,,,,Bit 1,,CAL_MAX
,,,,,,,,,,Bit 0,,ADC_PG_OK
,,STATUS4_MFR_VOUT,RW,0x2EF,751,Prot_unique,10,,,POR,flt_ctrl,
,,,,,,,,,,Bit 9,,OR_OPERATION
,,,,,,,,,,Bit 8,,AND_OPERATION
,,,,,,,,,,Bits 7:3,,SPARE
,,,,,,,,,,Bit 2,,CALIBRATION
,,,,,,,,,,Bit 1,,CAL_MAX
,,,,,,,,,,Bit 0,,ADC_PG_OK
,,TM_ALERT,RW,0x2F0,752,Protected,2,,,POR,flt_ctrl,
,,,,,,,,,,Bit 1,,TM_ALERT_SEL
,,,,,,,,,,Bit 0,,TM_ALERT_DAT
,,ADC_CHAN_ID,RW,0x300,768,Prot_unique,8,,,POR,adc_ctrl,
,,,,,,,,,,Bits 7:6,,RT_CH
,,,,,,,,,,Bit 5,,TRIM_ADC_GN
,,,,,,,,,,Bit 4,,TRIM_ADC_OS
,,,,,,,,,,Bits 3:0,,CH_ID
,,ADC_CHAN_RSLT,RW,0x301,769,Prot_unique,16,,,POR,adc_ctrl,
,,,,,,,,,,Bits 15:0,,ADC_RSLT
,,ADC_CTRL1,RW,0x302,770,Prot_unique,2,,0x1,POR,adc_ctrl,
,,,,,,,,,,Bit 1,,ADC_DONE
,,,,,,,,,,Bit 0,,ADC_START
,,,RW,0x303,771,Protected,16,,,POR,adc_ctrl,
,,,,,,,,,,Bit 15,adc_ctrl,
,,,,,,,,,,Bit 14,adc_ctrl,
,,,,,,,,,,Bit 13,adc_ctrl,
,,,,,,,,,,Bit 12,adc_ctrl,
,,,,,,,,,,Bit 11,adc_ctrl,
,,,,,,,,,,Bit 10,adc_ctrl,
,,,,,,,,,,Bit 9,adc_ctrl,
,,,,,,,,,,Bit 8,adc_ctrl,
,,,,,,,,,,Bit 7,adc_ctrl,
,,,,,,,,,,Bit 6,adc_ctrl,
,,,,,,,,,,Bit 5,adc_ctrl,
,,,,,,,,,,Bit 4,adc_ctrl,
,,,,,,,,,,Bit 3,adc_ctrl,
,,,,,,,,,,Bit 2,adc_ctrl,
,,,,,,,,,,Bit 1,adc_ctrl,
,,,,,,,,,,Bit 0,adc_ctrl,
,,,RW,0x304,772,Protected,16,,,POR,adc_ctrl,
,,,,,,,,,,Bit 15,adc_ctrl,
,,,,,,,,,,Bit 14,adc_ctrl,
,,,,,,,,,,Bit 13,adc_ctrl,
,,,,,,,,,,Bit 12,adc_ctrl,
,,,,,,,,,,Bit 11,adc_ctrl,
,,,,,,,,,,Bit 10,adc_ctrl,
,,,,,,,,,,Bit 9,adc_ctrl,
,,,,,,,,,,Bit 8,adc_ctrl,
,,,,,,,,,,Bit 7,adc_ctrl,
,,,,,,,,,,Bit 6,adc_ctrl,
,,,,,,,,,,Bit 5,adc_ctrl,
,,,,,,,,,,Bit 4,adc_ctrl,
,,,,,,,,,,Bit 3,adc_ctrl,
,,,,,,,,,,Bit 2,adc_ctrl,
,,,,,,,,,,Bit 1,adc_ctrl,
,,,,,,,,,,Bit 0,adc_ctrl,
,,,RW,0x305,773,Protected,16,,,POR,adc_ctrl,
,,,,,,,,,,Bit 15,,
,,,,,,,,,,Bit 14,,
,,,,,,,,,,Bit 13,,
,,,,,,,,,,Bit 12,,
,,,,,,,,,,Bit 11,,
,,,,,,,,,,Bit 10,,
,,,,,,,,,,Bit 9,,
,,,,,,,,,,Bit 8,,
,,,,,,,,,,Bit 7,,
,,,,,,,,,,Bit 6,,
,,,,,,,,,,Bit 5,,
,,,,,,,,,,Bit 4,,
,,,,,,,,,,Bit 3,,
,,,,,,,,,,Bit 2,,
,,,,,,,,,,Bit 1,,
,,,,,,,,,,Bit 0,,
,,ADC_CH_SEL00_R,RW,0x306,774,Protected,8,,,POR,adc_ctrl,
,,,,,,,,,,Bits 7:4,,CH_SEL01
,,,,,,,,,,Bits 3:0,,CH_SEL00
,,ADC_CH_SEL01_R,RW,0x307,775,Protected,8,,,POR,adc_ctrl,
,,,,,,,,,,Bits 7:4,,CH_SEL03
,,,,,,,,,,Bits 3:0,,CH_SEL02
,,ADC_CH_SEL02_R,RW,0x308,776,Protected,8,,,POR,adc_ctrl,
,,,,,,,,,,Bits 7:4,,CH_SEL05
,,,,,,,,,,Bits 3:0,,CH_SEL04
,,ADC_CH_SEL03_R,RW,0x309,777,Protected,8,,,POR,adc_ctrl,
,,,,,,,,,,Bits 7:4,,CH_SEL07
,,,,,,,,,,Bits 3:0,,CH_SEL06
,,ADC_CH_SEL04_R,RW,0x30A,778,Protected,8,,,POR,adc_ctrl,
,,,,,,,,,,Bits 7:4,,CH_SEL09
,,,,,,,,,,Bits 3:0,,CH_SEL08
,,ADC_CH_SEL05_R,RW,0x30B,779,Protected,8,,,POR,adc_ctrl,
,,,,,,,,,,Bits 7:4,,CH_SEL11
,,,,,,,,,,Bits 3:0,,CH_SEL10
,,ADC_CH_SEL06_R,RW,0x30C,780,Protected,8,,,POR,adc_ctrl,
,,,,,,,,,,Bits 7:4,,CH_SEL13
,,,,,,,,,,Bits 3:0,,CH_SEL12
,,ADC_CH_SEL07_R,RW,0x30D,781,Protected,8,,,POR,adc_ctrl,
,,,,,,,,,,Bits 7:4,,CH_SEL15
,,,,,,,,,,Bits 3:0,,CH_SEL14
,,ADC_CH_SEL08_R,RW,0x30E,782,Protected,8,,,POR,adc_ctrl,
,,,,,,,,,,Bits 7:4,,CH_SEL17
,,,,,,,,,,Bits 3:0,,CH_SEL16
,,ADC_CH_SEL09_R,RW,0x30F,783,Protected,8,,,POR,adc_ctrl,
,,,,,,,,,,Bits 7:4,,CH_SEL19
,,,,,,,,,,Bits 3:0,,CH_SEL18
,,ADC_CH_SEL10_R,RW,0x310,784,Protected,8,,,POR,adc_ctrl,
,,,,,,,,,,Bits 7:4,,CH_SEL21
,,,,,,,,,,Bits 3:0,,CH_SEL20
,,ADC_CH_SEL11_R,RW,0x311,785,Protected,8,,,POR,adc_ctrl,
,,,,,,,,,,Bits 7:4,,CH_SEL23
,,,,,,,,,,Bits 3:0,,CH_SEL22
,,ADC_CH_SEL12_R,RW,0x312,786,Protected,8,,,POR,adc_ctrl,
,,,,,,,,,,Bits 7:4,,CH_SEL25
,,,,,,,,,,Bits 3:0,,CH_SEL24
,,ADC_CH_SEL13_R,RW,0x313,787,Protected,8,,,POR,adc_ctrl,
,,,,,,,,,,Bits 7:4,,CH_SEL27
,,,,,,,,,,Bits 3:0,,CH_SEL26
,,ADC_CH_SEL14_R,RW,0x314,788,Protected,8,,,POR,adc_ctrl,
,,,,,,,,,,Bits 7:4,,CH_SEL29
,,,,,,,,,,Bits 3:0,,CH_SEL28
,,ADC_CH_SEL15_R,RW,0x315,789,Protected,9,,,POR,adc_ctrl,
,,,,,,,,,,Bits 8:4,,CH_LOOP_LIM
,,,,,,,,,,Bits 3:0,,CH_SEL30
,,CONFIGADC1_R,RW,0x316,790,Protected,14,,,POR,adc_ctrl,
,,,,,,,,,,Bits 13:10,,DISCARD
,,,,,,,,,,Bit 9,,BIT_FLIP
,,,,,,,,,,Bit 8,,CLK_RISE
,,,,,,,,,,Bit 7,,ADC_USE_SINC3
,,,,,,,,,,Bits 6:5,,ADC_DECR_OPTIONS
,,,,,,,,,,Bits 4:0,,CLK_ADC_OPTIONS
,,CONFIGADC2_R,RW,0x317,791,Protected,16,,,POR,adc_ctrl,
,,,,,,,,,,Bits 15:0,,TRIM_ADC_OS
,,CONFIGADC3_R,RW,0x318,792,Protected,16,,,POR,adc_ctrl,
,,,,,,,,,,Bits 15:0,,TRIM_ADC_GN
,,CONFIGADC4_R,RW,0x319,793,Protected,2,,,POR,adc_ctrl,
,,,,,,,,,,Bits 15:2,,
,,,,,,,,,,Bits 1:0,,CHOPCFG
,,,RW,0x31A,794,Protected,16,,,POR,adc_ctrl,
,,,,,,,,,,Bit 15,,
,,,,,,,,,,Bit 14,,
,,,,,,,,,,Bit 13,,
,,,,,,,,,,Bit 12,,
,,,,,,,,,,Bit 11,,
,,,,,,,,,,Bit 10,,
,,,,,,,,,,Bit 9,,
,,,,,,,,,,Bit 8,,
,,,,,,,,,,Bit 7,,
,,,,,,,,,,Bit 6,,
,,,,,,,,,,Bit 5,,
,,,,,,,,,,Bit 4,,
,,,,,,,,,,Bit 3,,
,,,,,,,,,,Bit 2,,
,,,,,,,,,,Bit 1,,
,,,,,,,,,,Bit 0,,
,,,RW,0x31B,795,Protected,16,,,POR,adc_ctrl,
,,,,,,,,,,Bits 15:0,,
,,TM_ADC1,RW,0x31C,796,Protected,12,,,POR,adc_ctrl,
,,,,,,,,,,Bit 11,,TM_EN_ADC
,,,,,,,,,,Bit 10,,TM_EXTIN_DMR
,,,,,,,,,,Bit 9,,TM_ADC_RST
,,,,,,,,,,Bit 8,,TM_DEC_RST
,,,,,,,,,,Bit 7,,TM_CONT_CONV
,,,,,,,,,,Bit 6,,TM_SEL_CH_ID
,,,,,,,,,,Bits 5:4,,TM_CH_ID1
,,,,,,,,,,Bits 3:0,,TM_CH_ID0
,,TM_ADC2,RW,0x31D,797,Prot_unique,10,,,POR,adc_ctrl,
,,,,,,,,,,Bit 9,,RTRIM_MODE
,,,,,,,,,,Bit 8,,IOUT_MODE
,,,,,,,,,,Bit 7,,DMR_SEL
,,,,,,,,,,Bit 6,,TM_ONESHOT
,,,,,,,,,,Bits 5:4,,DBUG_CH_ID1
,,,,,,,,,,Bits 3:0,,DBUG_CH_ID0
,,TM_ADC3,RW,0x31E,798,Prot_unique,16,,,POR,adc_ctrl,
,,,,,,,,,,Bits 15:0,,Data
,,TM_ADC4,RW,0x31F,799,Prot_unique,16,,,POR,adc_ctrl,
,,,,,,,,,,Bits 15:0,,Data
,,TM_ADC5,RW,0x320,800,Protected,16,,,POR,adc_ctrl,
,,,,,,,,,,Bits 15:0,,Data
,,TM_ADC6,RW,0x321,801,Protected,16,,,POR,adc_ctrl,
,,,,,,,,,,Bits 15:0,,Data
,,TM_ADC7,RW,0x322,802,Protected,8,,,POR,adc_ctrl,
,,,,,,,,,,Bit 7,,TM_CLK_CHOP_SEL
,,,,,,,,,,Bit 6,,TM_CLK_CHOP_DAT
,,,,,,,,,,Bit 5,,TM_EN_RTRIM_SEL
,,,,,,,,,,Bit 4,,TM_EN_RTRIM_DAT
,,,,,,,,,,Bit 3,,TM_ADC_MOD_EN_SEL
,,,,,,,,,,Bit 2,,TM_ADC_MOD_EN_DAT
,,,,,,,,,,Bit 1,,TM_ADC_ON_SEL
,,,,,,,,,,Bit 0,,TM_ADC_ON_DAT
,,VOUT1_TRANS_RATE_R,RW,0x340,832,Prot_unique,16,,,POR,ps1_ctrl,
,,,,,,,,,,Bits 15:11,,EXPONT
,,,,,,,,,,Bit 10,,SIGN
,,,,,,,,,,Bits 9:0,,VALUE
,,TON1_DLY_R,RW,0x341,833,Prot_unique,16,,,POR,ps1_ctrl,
,,,,,,,,,,Bits 15:11,,EXPONT
,,,,,,,,,,Bit 10,,SIGN
,,,,,,,,,,Bits 9:0,,VALUE
,,TON1_RISE_R,RW,0x342,834,Prot_unique,16,,,POR,ps1_ctrl,
,,,,,,,,,,Bits 15:11,,EXPONT
,,,,,,,,,,Bit 10,,SIGN
,,,,,,,,,,Bits 9:0,,VALUE
,,VOUT1_MODE_R,RW,0x343,835,Prot_unique,8,,,POR,ps1_ctrl,
,,,,,,,,,,Bit 7,,ABS_REL
,,,,,,,,,,Bits 6:5,,DFORMAT
,,,,,,,,,,Bits 4:0,,EXPONT
,,TOFF1_DLY_R,RW,0x344,836,Prot_unique,16,,,POR,ps1_ctrl,
,,,,,,,,,,Bits 15:11,,EXPONT
,,,,,,,,,,Bit 10,,SIGN
,,,,,,,,,,Bits 9:0,,VALUE
,,TOFF1_FALL_R,RW,0x345,837,Prot_unique,16,,,POR,ps1_ctrl,
,,,,,,,,,,Bits 15:11,,EXPONT
,,,,,,,,,,Bit 10,,SIGN
,,,,,,,,,,Bits 9:0,,VALUE
,,MFR_OP1_BEH_R,RW,0x346,838,Protected,5,,,POR,ps1_ctrl,
,,,,,,,,,,Bit 4,,PRBS
,,,,,,,,,,Bit 3,,SOFT
,,,,,,,,,,Bit 2,,GLOBAL
,,,,,,,,,,Bit 1,,LATCH
,,,,,,,,,,Bit 0,,FLOAT
,,VOUT1_OPERATION_R,RW,0x347,839,Prot_unique,8,,,POR,ps1_ctrl,
,,,,,,,,,,Bit 7,,PS_ON
,,,,,,,,,,Bit 6,,TO_MODE
,,,,,,,,,,Bits 5:4,,VSRC
,,,,,,,,,,Bits 3:2,,Marg_Flt
,,,,,,,,,,Bit 1,,Tran_Ctrl
,,,,,,,,,,Bit 0,,Reserved
,,VOUT1_DAC_R,RW,0x348,840,Protected,16,,,POR,ps1_ctrl,
,,,,,,,,,,Bits 15:0,,VOUT1_R
,,VOUT1_MRGN_H_DAC_R,RW,0x349,841,Protected,16,,,POR,ps1_ctrl,
,,,,,,,,,,Bits 15:0,,VOUT1_MRGN_H_ABS_R
,,VOUT1_MRGN_L_DAC_R,RW,0x34A,842,Protected,16,,,POR,ps1_ctrl,
,,,,,,,,,,Bits 15:0,,VOUT1_MRGN_L_ABS_R
,,VOUT1_DAC_TARGET,RO,0x34B,843,Protected,16,,,POR,ps1_ctrl,
,,,,,,,,,,Bits 15:0,,DAC_TARGET
,,VOUT1_DAC_ACTUAL,RW,0x34C,844,Prot_unique,16,,,POR,ps1_ctrl,
,,,,,,,,,,Bits 15:0,,DAC_ACTUAL
,,VOUT1_DAC_STEP,RW,0x34D,845,Protected,11,,,POR,ps1_ctrl,
,,,,,,,,,,Bits 10:8,,INT_STEP
,,,,,,,,,,Bits 7:0,,FRAC_STEP
,,CFG_DAC1_R,RW,0x34E,846,Protected,16,,,POR,ps1_ctrl,
,,,,,,,,,,Bits 15:13,,STEP
,,,,,,,,,,Bits 12:9,,CLAMP
,,,,,,,,,,Bits 8:6,,UPDATE
,,,,,,,,,,Bit 5,,CAL_EN
,,,,,,,,,,Bits 4:3,,MODGAIN
,,,,,,,,,,Bits 2:0,,DIVSEL
,,DAC1_TRIM_R,RW,0x34F,847,Protected,16,,,POR,ps1_ctrl,
,,,,,,,,,,Bits 15:0,,TRIM
,,ADC_VOUT1,RW,0x350,848,Protected,16,,,POR,ps1_ctrl,
,,,,,,,,,,Bits 15:0,,ADC
,,VOUT1_TRANS_STEP,RW,0x351,849,Protected,14,,,POR,ps1_ctrl,
,,,,,,,,,,Bits 13:8,,INT_STEP
,,,,,,,,,,Bits 7:0,,FRAC_STEP
,,TM1_PSIGA,RW,0x352,850,Protected,14,,,POR,ps1_ctrl,
,,,,,,,,,,Bit 13,,TM_EN_BUCK_SEL
,,,,,,,,,,Bit 12,,TM_EN_BUCK_DAT
,,,,,,,,,,Bit 11,,TM_PULLDOWN_SEL
,,,,,,,,,,Bit 10,,TM_PULLDOWN_DAT
,,,,,,,,,,Bit 9,,TM_SS_DONE_SEL
,,,,,,,,,,Bit 8,,TM_SS_DONE_DAT
,,,,,,,,,,Bit 7,,TM_ONPWM2_SEL
,,,,,,,,,,Bit 6,,TM_ONPWM2_DAT
,,,,,,,,,,Bit 5,,TM_ONPWM1_SEL
,,,,,,,,,,Bit 4,,TM_ONPWM1_DAT
,,,,,,,,,,Bit 3,,TM_ONGM2_SEL
,,,,,,,,,,Bit 2,,TM_ONGM2_DAT
,,,,,,,,,,Bit 1,,TM_ONGM1_SEL
,,,,,,,,,,Bit 0,,TM_ONGM1_DAT
,,VOUT2_TRANS_RATE_R,RW,0x360,864,Prot_unique,16,,,POR,ps2_ctrl,
,,,,,,,,,,Bits 15:11,,EXPONT
,,,,,,,,,,Bit 10,,SIGN
,,,,,,,,,,Bits 9:0,,VALUE
,,TON2_DLY_R,RW,0x361,865,Prot_unique,16,,,POR,ps2_ctrl,
,,,,,,,,,,Bits 15:11,,EXPONT
,,,,,,,,,,Bit 10,,SIGN
,,,,,,,,,,Bits 9:0,,VALUE
,,TON2_RISE_R,RW,0x362,866,Prot_unique,16,,,POR,ps2_ctrl,
,,,,,,,,,,Bits 15:11,,EXPONT
,,,,,,,,,,Bit 10,,SIGN
,,,,,,,,,,Bits 9:0,,VALUE
,,VOUT2_MODE_R,RW,0x363,867,Prot_unique,8,,,POR,ps2_ctrl,
,,,,,,,,,,Bit 7,,ABS_REL
,,,,,,,,,,Bits 6:5,,DFORMAT
,,,,,,,,,,Bits 4:0,,EXPONT
,,TOFF2_DLY_R,RW,0x364,868,Prot_unique,16,,,POR,ps2_ctrl,
,,,,,,,,,,Bits 15:11,,EXPONT
,,,,,,,,,,Bit 10,,SIGN
,,,,,,,,,,Bits 9:0,,VALUE
,,TOFF2_FALL_R,RW,0x365,869,Prot_unique,16,,,POR,ps2_ctrl,
,,,,,,,,,,Bits 15:11,,EXPONT
,,,,,,,,,,Bit 10,,SIGN
,,,,,,,,,,Bits 9:0,,VALUE
,,MFR_OP2_BEH_R,RW,0x366,870,Protected,5,,,POR,ps2_ctrl,
,,,,,,,,,,Bit 4,,PRBS
,,,,,,,,,,Bit 3,,SOFT
,,,,,,,,,,Bit 2,,GLOBAL
,,,,,,,,,,Bit 1,,LATCH
,,,,,,,,,,Bit 0,,FLOAT
,,VOUT2_OPERATION_R,RW,0x367,871,Prot_unique,8,,,POR,ps2_ctrl,
,,,,,,,,,,Bit 7,,PS_ON
,,,,,,,,,,Bit 6,,TO_MODE
,,,,,,,,,,Bits 5:4,,VSRC
,,,,,,,,,,Bits 3:2,,Marg_Flt
,,,,,,,,,,Bit 1,,Tran_Ctrl
,,,,,,,,,,Bit 0,,Reserved
,,VOUT2_DAC_R,RW,0x368,872,Protected,16,,,POR,ps2_ctrl,
,,,,,,,,,,Bits 15:0,,VOUT2_R
,,VOUT2_MRGN_H_DAC_R,RW,0x369,873,Protected,16,,,POR,ps2_ctrl,
,,,,,,,,,,Bits 15:0,,VOUT2_MRGN_H_ABS_R
,,VOUT2_MRGN_L_DAC_R,RW,0x36A,874,Protected,16,,,POR,ps2_ctrl,
,,,,,,,,,,Bits 15:0,,VOUT2_MRGN_L_ABS_R
,,VOUT2_DAC_TARGET,RO,0x36B,875,Protected,16,,,POR,ps2_ctrl,
,,,,,,,,,,Bits 15:0,,DAC_TARGET
,,VOUT2_DAC_ACTUAL,RW,0x36C,876,Prot_unique,16,,,POR,ps2_ctrl,
,,,,,,,,,,Bits 15:0,,DAC_ACTUAL
,,VOUT2_DAC_STEP,RW,0x36D,877,Protected,11,,,POR,ps2_ctrl,
,,,,,,,,,,Bits 10:8,,INT_STEP
,,,,,,,,,,Bits 7:0,,FRAC_STEP
,,CFG_DAC2_R,RW,0x36E,878,Protected,16,,,POR,ps2_ctrl,
,,,,,,,,,,Bits 15:13,,STEP
,,,,,,,,,,Bits 12:9,,CLAMP
,,,,,,,,,,Bits 8:6,,UPDATE
,,,,,,,,,,Bit 5,,CAL_EN
,,,,,,,,,,Bits 4:3,,MODGAIN
,,,,,,,,,,Bits 2:0,,DIVSEL
,,DAC2_TRIM_R,RW,0x36F,879,Protected,16,,,POR,ps2_ctrl,
,,,,,,,,,,Bits 15:0,,TRIM
,,ADC_VOUT2,RW,0x370,880,Protected,16,,,POR,ps2_ctrl,
,,,,,,,,,,Bits 15:0,,ADC
,,VOUT2_TRANS_STEP,RW,0x371,881,Protected,14,,,POR,ps2_ctrl,
,,,,,,,,,,Bits 13:8,,INT_STEP
,,,,,,,,,,Bits 7:0,,FRAC_STEP
,,TM2_PSIGA,RW,0x372,882,Protected,14,,,POR,ps2_ctrl,
,,,,,,,,,,Bit 13,,TM_EN_BUCK_SEL
,,,,,,,,,,Bit 12,,TM_EN_BUCK_DAT
,,,,,,,,,,Bit 11,,TM_PULLDOWN_SEL
,,,,,,,,,,Bit 10,,TM_PULLDOWN_DAT
,,,,,,,,,,Bit 9,,TM_SS_DONE_SEL
,,,,,,,,,,Bit 8,,TM_SS_DONE_DAT
,,,,,,,,,,Bit 7,,TM_ONPWM2_SEL
,,,,,,,,,,Bit 6,,TM_ONPWM2_DAT
,,,,,,,,,,Bit 5,,TM_ONPWM1_SEL
,,,,,,,,,,Bit 4,,TM_ONPWM1_DAT
,,,,,,,,,,Bit 3,,TM_ONGM2_SEL
,,,,,,,,,,Bit 2,,TM_ONGM2_DAT
,,,,,,,,,,Bit 1,,TM_ONGM1_SEL
,,,,,,,,,,Bit 0,,TM_ONGM1_DAT
,,VOUT3_TRANS_RATE_R,RW,0x380,896,Prot_unique,16,,,POR,ps3_ctrl,
,,,,,,,,,,Bits 15:11,,EXPONT
,,,,,,,,,,Bit 10,,SIGN
,,,,,,,,,,Bits 9:0,,VALUE
,,TON3_DLY_R,RW,0x381,897,Prot_unique,16,,,POR,ps3_ctrl,
,,,,,,,,,,Bits 15:11,,EXPONT
,,,,,,,,,,Bit 10,,SIGN
,,,,,,,,,,Bits 9:0,,VALUE
,,TON3_RISE_R,RW,0x382,898,Prot_unique,16,,,POR,ps3_ctrl,
,,,,,,,,,,Bits 15:11,,EXPONT
,,,,,,,,,,Bit 10,,SIGN
,,,,,,,,,,Bits 9:0,,VALUE
,,VOUT3_MODE_R,RW,0x383,899,Prot_unique,8,,,POR,ps3_ctrl,
,,,,,,,,,,Bit 7,,ABS_REL
,,,,,,,,,,Bits 6:5,,DFORMAT
,,,,,,,,,,Bits 4:0,,EXPONT
,,TOFF3_DLY_R,RW,0x384,900,Prot_unique,16,,,POR,ps3_ctrl,
,,,,,,,,,,Bits 15:11,,EXPONT
,,,,,,,,,,Bit 10,,SIGN
,,,,,,,,,,Bits 9:0,,VALUE
,,TOFF3_FALL_R,RW,0x385,901,Prot_unique,16,,,POR,ps3_ctrl,
,,,,,,,,,,Bits 15:11,,EXPONT
,,,,,,,,,,Bit 10,,SIGN
,,,,,,,,,,Bits 9:0,,VALUE
,,MFR_OP3_BEH_R,RW,0x386,902,Protected,5,,,POR,ps3_ctrl,
,,,,,,,,,,Bit 4,,PRBS
,,,,,,,,,,Bit 3,,SOFT
,,,,,,,,,,Bit 2,,GLOBAL
,,,,,,,,,,Bit 1,,LATCH
,,,,,,,,,,Bit 0,,FLOAT
,,VOUT3_OPERATION_R,RW,0x387,903,Prot_unique,8,,,POR,ps3_ctrl,
,,,,,,,,,,Bit 7,,PS_ON
,,,,,,,,,,Bit 6,,TO_MODE
,,,,,,,,,,Bits 5:4,,VSRC
,,,,,,,,,,Bits 3:2,,Marg_Flt
,,,,,,,,,,Bit 1,,Tran_Ctrl
,,,,,,,,,,Bit 0,,Reserved
,,VOUT3_DAC_R,RW,0x388,904,Protected,16,,,POR,ps3_ctrl,
,,,,,,,,,,Bits 15:0,,VOUT3_R
,,VOUT3_MRGN_H_DAC_R,RW,0x389,905,Protected,16,,,POR,ps3_ctrl,
,,,,,,,,,,Bits 15:0,,VOUT3_MRGN_H_ABS_R
,,VOUT3_MRGN_L_DAC_R,RW,0x38A,906,Protected,16,,,POR,ps3_ctrl,
,,,,,,,,,,Bits 15:0,,VOUT3_MRGN_L_ABS_R
,,VOUT3_DAC_TARGET,RO,0x38B,907,Protected,16,,,POR,ps3_ctrl,
,,,,,,,,,,Bits 15:0,,DAC_TARGET
,,VOUT3_DAC_ACTUAL,RW,0x38C,908,Prot_unique,16,,,POR,ps3_ctrl,
,,,,,,,,,,Bits 15:0,,DAC_ACTUAL
,,VOUT3_DAC_STEP,RW,0x38D,909,Protected,11,,,POR,ps3_ctrl,
,,,,,,,,,,Bits 10:8,,INT_STEP
,,,,,,,,,,Bits 7:0,,FRAC_STEP
,,CFG_DAC3_R,RW,0x38E,910,Protected,16,,,POR,ps3_ctrl,
,,,,,,,,,,Bits 15:13,,STEP
,,,,,,,,,,Bits 12:9,,CLAMP
,,,,,,,,,,Bits 8:6,,UPDATE
,,,,,,,,,,Bit 5,,CAL_EN
,,,,,,,,,,Bits 4:3,,MODGAIN
,,,,,,,,,,Bits 2:0,,DIVSEL
,,DAC3_TRIM_R,RW,0x38F,911,Protected,16,,,POR,ps3_ctrl,
,,,,,,,,,,Bits 15:0,,TRIM
,,ADC_VOUT3,RW,0x390,912,Protected,16,,,POR,ps3_ctrl,
,,,,,,,,,,Bits 15:0,,ADC
,,VOUT3_TRANS_STEP,RW,0x391,913,Protected,14,,,POR,ps3_ctrl,
,,,,,,,,,,Bits 13:8,,INT_STEP
,,,,,,,,,,Bits 7:0,,FRAC_STEP
,,TM3_PSIGA,RW,0x392,914,Protected,14,,,POR,ps3_ctrl,
,,,,,,,,,,Bit 13,,TM_EN_BUCK_SEL
,,,,,,,,,,Bit 12,,TM_EN_BUCK_DAT
,,,,,,,,,,Bit 11,,TM_PULLDOWN_SEL
,,,,,,,,,,Bit 10,,TM_PULLDOWN_DAT
,,,,,,,,,,Bit 9,,TM_SS_DONE_SEL
,,,,,,,,,,Bit 8,,TM_SS_DONE_DAT
,,,,,,,,,,Bit 7,,TM_ONPWM2_SEL
,,,,,,,,,,Bit 6,,TM_ONPWM2_DAT
,,,,,,,,,,Bit 5,,TM_ONPWM1_SEL
,,,,,,,,,,Bit 4,,TM_ONPWM1_DAT
,,,,,,,,,,Bit 3,,TM_ONGM2_SEL
,,,,,,,,,,Bit 2,,TM_ONGM2_DAT
,,,,,,,,,,Bit 1,,TM_ONGM1_SEL
,,,,,,,,,,Bit 0,,TM_ONGM1_DAT
,,VOUT4_TRANS_RATE_R,RW,0x3A0,928,Prot_unique,16,,,POR,ps4_ctrl,
,,,,,,,,,,Bits 15:11,,EXPONT
,,,,,,,,,,Bit 10,,SIGN
,,,,,,,,,,Bits 9:0,,VALUE
,,TON4_DLY_R,RW,0x3A1,929,Prot_unique,16,,,POR,ps4_ctrl,
,,,,,,,,,,Bits 15:11,,EXPONT
,,,,,,,,,,Bit 10,,SIGN
,,,,,,,,,,Bits 9:0,,VALUE
,,TON4_RISE_R,RW,0x3A2,930,Prot_unique,16,,,POR,ps4_ctrl,
,,,,,,,,,,Bits 15:11,,EXPONT
,,,,,,,,,,Bit 10,,SIGN
,,,,,,,,,,Bits 9:0,,VALUE
,,VOUT4_MODE_R,RW,0x3A3,931,Prot_unique,8,,,POR,ps4_ctrl,
,,,,,,,,,,Bit 7,,ABS_REL
,,,,,,,,,,Bits 6:5,,DFORMAT
,,,,,,,,,,Bits 4:0,,EXPONT
,,TOFF4_DLY_R,RW,0x3A4,932,Prot_unique,16,,,POR,ps4_ctrl,
,,,,,,,,,,Bits 15:11,,EXPONT
,,,,,,,,,,Bit 10,,SIGN
,,,,,,,,,,Bits 9:0,,VALUE
,,TOFF4_FALL_R,RW,0x3A5,933,Prot_unique,16,,,POR,ps4_ctrl,
,,,,,,,,,,Bits 15:11,,EXPONT
,,,,,,,,,,Bit 10,,SIGN
,,,,,,,,,,Bits 9:0,,VALUE
,,MFR_OP4_BEH_R,RW,0x3A6,934,Protected,5,,,POR,ps4_ctrl,
,,,,,,,,,,Bit 4,,PRBS
,,,,,,,,,,Bit 3,,SOFT
,,,,,,,,,,Bit 2,,GLOBAL
,,,,,,,,,,Bit 1,,LATCH
,,,,,,,,,,Bit 0,,FLOAT
,,VOUT4_OPERATION_R,RW,0x3A7,935,Prot_unique,8,,,POR,ps4_ctrl,
,,,,,,,,,,Bit 7,,PS_ON
,,,,,,,,,,Bit 6,,TO_MODE
,,,,,,,,,,Bits 5:4,,VSRC
,,,,,,,,,,Bits 3:2,,Marg_Flt
,,,,,,,,,,Bit 1,,Tran_Ctrl
,,,,,,,,,,Bit 0,,Reserved
,,VOUT4_DAC_R,RW,0x3A8,936,Protected,16,,,POR,ps4_ctrl,
,,,,,,,,,,Bits 15:0,,VOUT4_R
,,VOUT4_MRGN_H_DAC_R,RW,0x3A9,937,Protected,16,,,POR,ps4_ctrl,
,,,,,,,,,,Bits 15:0,,VOUT4_MRGN_H_ABS_R
,,VOUT4_MRGN_L_DAC_R,RW,0x3AA,938,Protected,16,,,POR,ps4_ctrl,
,,,,,,,,,,Bits 15:0,,VOUT4_MRGN_L_ABS_R
,,VOUT4_DAC_TARGET,RO,0x3AB,939,Protected,16,,,POR,ps4_ctrl,
,,,,,,,,,,Bits 15:0,,DAC_TARGET
,,VOUT4_DAC_ACTUAL,RW,0x3AC,940,Prot_unique,16,,,POR,ps4_ctrl,
,,,,,,,,,,Bits 15:0,,DAC_ACTUAL
,,VOUT4_DAC_STEP,RW,0x3AD,941,Protected,11,,,POR,ps4_ctrl,
,,,,,,,,,,Bits 10:8,,INT_STEP
,,,,,,,,,,Bits 7:0,,FRAC_STEP
,,CFG_DAC4_R,RW,0x3AE,942,Protected,16,,,POR,ps4_ctrl,
,,,,,,,,,,Bits 15:13,,STEP
,,,,,,,,,,Bits 12:9,,CLAMP
,,,,,,,,,,Bits 8:6,,UPDATE
,,,,,,,,,,Bit 5,,CAL_EN
,,,,,,,,,,Bits 4:3,,MODGAIN
,,,,,,,,,,Bits 2:0,,DIVSEL
,,DAC4_TRIM_R,RW,0x3AF,943,Protected,16,,,POR,ps4_ctrl,
,,,,,,,,,,Bits 15:0,,TRIM
,,ADC_VOUT4,RW,0x3B0,944,Protected,16,,,POR,ps4_ctrl,
,,,,,,,,,,Bits 15:0,,ADC
,,VOUT4_TRANS_STEP,RW,0x3B1,945,Protected,14,,,POR,ps4_ctrl,
,,,,,,,,,,Bits 13:8,,INT_STEP
,,,,,,,,,,Bits 7:0,,FRAC_STEP
,,TM4_PSIGA,RW,0x3B2,946,Protected,14,,,POR,ps4_ctrl,
,,,,,,,,,,Bit 13,,TM_EN_BUCK_SEL
,,,,,,,,,,Bit 12,,TM_EN_BUCK_DAT
,,,,,,,,,,Bit 11,,TM_PULLDOWN_SEL
,,,,,,,,,,Bit 10,,TM_PULLDOWN_DAT
,,,,,,,,,,Bit 9,,TM_SS_DONE_SEL
,,,,,,,,,,Bit 8,,TM_SS_DONE_DAT
,,,,,,,,,,Bit 7,,TM_ONPWM2_SEL
,,,,,,,,,,Bit 6,,TM_ONPWM2_DAT
,,,,,,,,,,Bit 5,,TM_ONPWM1_SEL
,,,,,,,,,,Bit 4,,TM_ONPWM1_DAT
,,,,,,,,,,Bit 3,,TM_ONGM2_SEL
,,,,,,,,,,Bit 2,,TM_ONGM2_DAT
,,,,,,,,,,Bit 1,,TM_ONGM1_SEL
,,,,,,,,,,Bit 0,,TM_ONGM1_DAT
,,CFGD0_BUCK_R,RW,0x3C0,960,Protected,9,,,POR,power_ctrl,
,,,,,,,,,,Bits 8:7,,HSOC_DG
,,,,,,,,,,Bits 6:5,,LSOC_DG
,,,,,,,,,,Bits 4:3,,HICCUP
,,,,,,,,,,Bit 2,,BLEED
,,,,,,,,,,Bits 1:0,,SSG
,,CFG_CPD0_R,RW,0x3C1,961,Protected,16,,,POR,power_ctrl,
,,,,,,,,,,Bit 15,,SPARE
,,,,,,,,,,Bit 14,,SPD_OK
,,,,,,,,,,Bits 13:10,,OFFFLT
,,,,,,,,,,Bits 9:8,,SETDLY
,,,,,,,,,,Bits 7:6,,SSDLY
,,,,,,,,,,Bits 5:4,,VREFSEL
,,,,,,,,,,Bits 3:2,,OFFCOLD
,,,,,,,,,,Bits 1:0,,COMP_DLY
,,CFG_CPD1_R,RW,0x3C2,962,Protected,10,,,POR,power_ctrl,
,,,,,,,,,,Bits 9:8,,GDDLY
,,,,,,,,,,Bits 7:4,,BALMAX
,,,,,,,,,,Bits 3:0,,BALMIN
,,CP_FLT_CONFIG_R,RW,0x3C3,963,Protected,10,,,POR,power_ctrl,
,,,,,,,,,,Bit 9,,CMPVXUV
,,,,,,,,,,Bit 8,,CMPVXOV
,,,,,,,,,,Bit 7,,ADCVXUV
,,,,,,,,,,Bit 6,,ADCVXOV
,,,,,,,,,,Bit 5,,MFROT
,,,,,,,,,,Bit 4,,PMBOT
,,,,,,,,,,Bit 3,,IINOC
,,,,,,,,,,Bit 2,,VINLOW
,,,,,,,,,,Bit 1,,VINOV
,,,,,,,,,,Bit 0,,VINUV
,,TM_CPCTRL0,RW,0x3C4,964,Protected,16,,,POR,power_ctrl,
,,,,,,,,,,Bit 15,,MSTR_CP_EN_SEL
,,,,,,,,,,Bit 14,,MSTR_CP_EN_DAT
,,,,,,,,,,Bit 13,,DISCHG_SEL
,,,,,,,,,,Bit 12,,DISCHG_DAT
,,,,,,,,,,Bit 11,,EN_BL_CP_SEL
,,,,,,,,,,Bit 10,,EN_BL_CP_DAT
,,,,,,,,,,Bit 9,,EN_SS_CP_SEL
,,,,,,,,,,Bit 8,,EN_SS_CP_DAT
,,,,,,,,,,Bit 7,,EN_PH_SPD_SEL
,,,,,,,,,,Bit 6,,EN_PH_SPD_DAT
,,,,,,,,,,Bit 5,,EN_PH_PD_SEL
,,,,,,,,,,Bit 4,,EN_PH_PD_DAT
,,,,,,,,,,Bit 3,,EN_CP_SEL
,,,,,,,,,,Bit 2,,EN_CP_DAT
,,,,,,,,,,Bit 1,,EN_CP_BIAS_SEL
,,,,,,,,,,Bit 0,,EN_CP_BIAS_DAT
,,TM_CPCTRL1,RW,0x3C5,965,Protected,15,,,POR,power_ctrl,
,,,,,,,,,,Bit 14,,BAL_OK_SEL
,,,,,,,,,,Bit 13,,BAL_OK_DAT
,,,,,,,,,,Bit 12,,CP_PGOOD_SEL
,,,,,,,,,,Bit 11,,CP_PGOOD_DAT
,,,,,,,,,,Bit 10,,CLK_CP_EN_SEL
,,,,,,,,,,Bit 9,,CLK_CP_EN_DAT
,,,,,,,,,,Bit 8,,PHASE_CP_SEL
,,,,,,,,,,Bit 7,,PHASE_CP_DAT
,,,,,,,,,,Bit 6,,EN_DIG_SEL
,,,,,,,,,,Bit 5,,EN_DIG_DAT
,,,,,,,,,,Bit 4,,VXCA_SPD_SEL
,,,,,,,,,,Bit 3,,VXCA_SPD_DAT
,,,,,,,,,,Bit 2,,VREFSEL_SEL
,,,,,,,,,,Bits 1:0,,VREFSEL_DAT
,,TM_CPSTS_R,RW,0x3C6,966,Protected,16,,,POR,power_ctrl,
,,,,,,,,,,Bit 15,,STS_CP7_SEL
,,,,,,,,,,Bit 14,,STS_CP7_DAT
,,,,,,,,,,Bit 13,,STS_CP6_SEL
,,,,,,,,,,Bit 12,,STS_CP6_DAT
,,,,,,,,,,Bit 11,,STS_CP5_SEL
,,,,,,,,,,Bit 10,,STS_CP5_DAT
,,,,,,,,,,Bit 9,,STS_CP4_SEL
,,,,,,,,,,Bit 8,,STS_CP4_DAT
,,,,,,,,,,Bit 7,,STS_CP3_SEL
,,,,,,,,,,Bit 6,,STS_CP3_DAT
,,,,,,,,,,Bit 5,,STS_CP2_SEL
,,,,,,,,,,Bit 4,,STS_CP2_DAT
,,,,,,,,,,Bit 3,,STS_CP1_SEL
,,,,,,,,,,Bit 2,,STS_CP1_DAT
,,,,,,,,,,Bit 1,,STS_CP0_SEL
,,,,,,,,,,Bit 0,,STS_CP0_DAT
,,MTP_FRC_DIN,RW,0x3D0,976,Protected,9,,0x0FF,POR,nvm_ctrl,
,,,,,,,,,,Bit 8,,tst_frc_din
,,,,,,,,,,Bits 7:0,,tst_din
,,MTP_CTRL0,RW,0x3D1,977,Prot_unique,16,,,POR,nvm_ctrl,
,,,,,,,,,,Bit 15,,P8
,,,,,,,,,,Bit 14,,P4
,,,,,,,,,,Bit 13,,P2
,,,,,,,,,,Bit 12,,P1
,,,,,,,,,,Bit 11,,P0
,,,,,,,,,,Bit 10,,TM_FAST_READ
,,,,,,,,,,Bit 9,,TM_SLOW_READ
,,,,,,,,,,Bit 8,,VTMODE
,,,,,,,,,,Bit 7,,CHIP_ERASE
,,,,,,,,,,Bit 6,,CHIP_PROG
,,,,,,,,,,Bit 5,,PAGE_ERASE
,,,,,,,,,,Bit 4,,PAGE_PROG
,,,,,,,,,,Bits 3:0,,PTM
,,MTP_CTRL1,RW,0x3D2,978,Protected,1,,,POR,nvm_ctrl,
,,,,,,,,,,Bit 0,,ECC_DISABLE
,,MTP_PA,RW,0x3D3,979,Protected,9,,,POR,nvm_ctrl,
,,,,,,,,,,Bits 8:0,,MTP_PA
,,MTP_STATUS,RO,0x3D4,980,Protected,10,,,POR,nvm_ctrl,
,,,,,,,,,,Bit 9,,BAD_CERS
,,,,,,,,,,Bit 8,,BAD_CPRG
,,,,,,,,,,Bit 7,,BAD_PERS
,,,,,,,,,,Bit 6,,BAD_PPRG
,,,,,,,,,,Bit 5,,CERS_TO
,,,,,,,,,,Bit 4,,CPRG_TO
,,,,,,,,,,Bit 3,,PERS_TO
,,,,,,,,,,Bit 2,,PPRG_TO
,,,,,,,,,,Bit 1,,PTM_DELTA
,,,,,,,,,,Bit 0,,MTP_BUSY
,,MTP_RESET,RW,0x3D5,981,Prot_unique,16,,,POR,nvm_ctrl,
,,,,,,,,,,Bits 15:0,,RST_VAL
,,,RW,0x3D6,982,Protected,16,,,POR,nvm_ctrl,
,,,,,,,,,,Bit 15,,
,,,,,,,,,,Bit 14,,
,,,,,,,,,,Bit 13,,
,,,,,,,,,,Bit 12,,
,,,,,,,,,,Bit 11,,
,,,,,,,,,,Bit 10,,
,,,,,,,,,,Bit 9,,
,,,,,,,,,,Bit 8,,
,,,,,,,,,,Bit 7,,
,,,,,,,,,,Bit 6,,
,,,,,,,,,,Bit 5,,
,,,,,,,,,,Bit 4,,
,,,,,,,,,,Bit 3,,
,,,,,,,,,,Bit 2,,
,,,,,,,,,,Bit 1,,
,,,,,,,,,,Bit 0,,
,,,RW,0x3D7,983,Protected,16,,,POR,nvm_ctrl,
,,,,,,,,,,Bit 15,,
,,,,,,,,,,Bit 14,,
,,,,,,,,,,Bit 13,,
,,,,,,,,,,Bit 12,,
,,,,,,,,,,Bit 11,,
,,,,,,,,,,Bit 10,,
,,,,,,,,,,Bit 9,,
,,,,,,,,,,Bit 8,,
,,,,,,,,,,Bit 7,,
,,,,,,,,,,Bit 6,,
,,,,,,,,,,Bit 5,,
,,,,,,,,,,Bit 4,,
,,,,,,,,,,Bit 3,,
,,,,,,,,,,Bit 2,,
,,,,,,,,,,Bit 1,,
,,,,,,,,,,Bit 0,,
,,NVM_PAGE00_DATA,RW,0x3D8,984,Protected,16,,0xFFFF,POR,nvm_ctrl,
,,,,,,,,,,Bits 15:8,,PAGE01_DAT
,,,,,,,,,,Bits 7:0,,PAGE00_DAT
,,NVM_PAGE01_DATA,RW,0x3D9,985,Protected,16,,0xFFFF,POR,nvm_ctrl,
,,,,,,,,,,Bits 15:8,,PAGE03_DAT
,,,,,,,,,,Bits 7:0,,PAGE02_DAT
,,NVM_PAGE02_DATA,RW,0x3DA,986,Protected,16,,0xFFFF,POR,nvm_ctrl,
,,,,,,,,,,Bits 15:8,,PAGE05_DAT
,,,,,,,,,,Bits 7:0,,PAGE04_DAT
,,NVM_PAGE03_DATA,RW,0x3DB,987,Protected,16,,0xFFFF,POR,nvm_ctrl,
,,,,,,,,,,Bits 15:8,,PAGE07_DAT
,,,,,,,,,,Bits 7:0,,PAGE06_DAT
,,NVM_PAGE04_DATA,RW,0x3DC,988,Protected,16,,0xFFFF,POR,nvm_ctrl,
,,,,,,,,,,Bits 15:8,,PAGE09_DAT
,,,,,,,,,,Bits 7:0,,PAGE08_DAT
,,NVM_PAGE05_DATA,RW,0x3DD,989,Protected,16,,0xFFFF,POR,nvm_ctrl,
,,,,,,,,,,Bits 15:8,,PAGE11_DAT
,,,,,,,,,,Bits 7:0,,PAGE10_DAT
,,NVM_PAGE06_DATA,RW,0x3DE,990,Protected,16,,0xFFFF,POR,nvm_ctrl,
,,,,,,,,,,Bits 15:8,,PAGE13_DAT
,,,,,,,,,,Bits 7:0,,PAGE12_DAT
,,NVM_PAGE07_DATA,RW,0x3DF,991,Protected,16,,0xFFFF,POR,nvm_ctrl,
,,,,,,,,,,Bits 15:8,,PAGE15_DAT
,,,,,,,,,,Bits 7:0,,PAGE14_DAT
,,ON_OFF_CONFIG_R,RW,0x3E0,992,Prot_unique,8,,,POR,glue_logic,
,,,,,,,,,,Bits 7:5,,RSVD
,,,,,,,,,,Bit 4,,WAIT_OP
,,,,,,,,,,Bit 3,,USE_OP
,,,,,,,,,,Bit 2,,USE_CTRL
,,,,,,,,,,Bits 1:0,,NOUSE
,,FREQUENCY_SWITCH_R,RW,0x3E1,993,Prot_unique,16,,,POR,glue_logic,
,,,,,,,,,,Bits 15:11,,EXPONT
,,,,,,,,,,Bit 10,,SIGN
,,,,,,,,,,Bits 9:0,,VALUE
,,MFR_SPECIFIC_PGOOD_R,RW,0x3E2,994,Protected,16,,,POR,glue_logic,
,,,,,,,,,,Bits 15:0,,MFR_SPECIFIC_PGOOD_R
,,MFR_SPECIFIC_MATRIX_R,RW,0x3E3,995,Protected,12,,0x0FF,POR,glue_logic,
,,,,,,,,,,Bit 11,,SW4_VALID
,,,,,,,,,,Bit 10,,SW3_VALID
,,,,,,,,,,Bit 9,,SW2_VALID
,,,,,,,,,,Bit 8,,SW1_VALID
,,,,,,,,,,Bits 7:6,,SW4
,,,,,,,,,,Bits 5:4,,SW3
,,,,,,,,,,Bits 3:2,,SW2
,,,,,,,,,,Bits 1:0,,SW1
,,TM_GMCLMP_R,RW,0x3E4,996,Protected,8,,,POR,glue_logic,
,,,,,,,,,,Bit 7,,TM_GMCLMP4_SEL
,,,,,,,,,,Bit 6,,TM_GMCLMP4_DAT
,,,,,,,,,,Bit 5,,TM_GMCLMP3_SEL
,,,,,,,,,,Bit 4,,TM_GMCLMP3_DAT
,,,,,,,,,,Bit 3,,TM_GMCLMP2_SEL
,,,,,,,,,,Bit 2,,TM_GMCLMP2_DAT
,,,,,,,,,,Bit 1,,TM_GMCLMP1_SEL
,,,,,,,,,,Bit 0,,TM_GMCLMP1_DAT
,,TM_PSUV_R,RW,0x3E5,997,Protected,8,,,POR,glue_logic,
,,,,,,,,,,Bit 7,,TM_PSUV4_SEL
,,,,,,,,,,Bit 6,,TM_PSUV4_DAT
,,,,,,,,,,Bit 5,,TM_PSUV3_SEL
,,,,,,,,,,Bit 4,,TM_PSUV3_DAT
,,,,,,,,,,Bit 3,,TM_PSUV2_SEL
,,,,,,,,,,Bit 2,,TM_PSUV2_DAT
,,,,,,,,,,Bit 1,,TM_PSUV1_SEL
,,,,,,,,,,Bit 0,,TM_PSUV1_DAT
,,TM_PSOV_R,RW,0x3E6,998,Protected,8,,,POR,glue_logic,
,,,,,,,,,,Bit 7,,TM_PSOV4_SEL
,,,,,,,,,,Bit 6,,TM_PSOV4_DAT
,,,,,,,,,,Bit 5,,TM_PSOV3_SEL
,,,,,,,,,,Bit 4,,TM_PSOV3_DAT
,,,,,,,,,,Bit 3,,TM_PSOV2_SEL
,,,,,,,,,,Bit 2,,TM_PSOV2_DAT
,,,,,,,,,,Bit 1,,TM_PSOV1_SEL
,,,,,,,,,,Bit 0,,TM_PSOV1_DAT
,,TM_LSOC_R,RW,0x3E7,999,Protected,8,,,POR,glue_logic,
,,,,,,,,,,Bit 7,,TM_LSOC4_SEL
,,,,,,,,,,Bit 6,,TM_LSOC4_DAT
,,,,,,,,,,Bit 5,,TM_LSOC3_SEL
,,,,,,,,,,Bit 4,,TM_LSOC3_DAT
,,,,,,,,,,Bit 3,,TM_LSOC2_SEL
,,,,,,,,,,Bit 2,,TM_LSOC2_DAT
,,,,,,,,,,Bit 1,,TM_LSOC1_SEL
,,,,,,,,,,Bit 0,,TM_LSOC1_DAT
,,TM_HSOC_R,RW,0x3E8,1000,Protected,8,,,POR,glue_logic,
,,,,,,,,,,Bit 7,,TM_HSOC4_SEL
,,,,,,,,,,Bit 6,,TM_HSOC4_DAT
,,,,,,,,,,Bit 5,,TM_HSOC3_SEL
,,,,,,,,,,Bit 4,,TM_HSOC3_DAT
,,,,,,,,,,Bit 3,,TM_HSOC2_SEL
,,,,,,,,,,Bit 2,,TM_HSOC2_DAT
,,,,,,,,,,Bit 1,,TM_HSOC1_SEL
,,,,,,,,,,Bit 0,,TM_HSOC1_DAT
,,TM_PRECMP_R,RW,0x3E9,1001,Protected,8,,,POR,glue_logic,
,,,,,,,,,,Bit 7,,TM_PREC4_SEL
,,,,,,,,,,Bit 6,,TM_PREC4_DAT
,,,,,,,,,,Bit 5,,TM_PREC3_SEL
,,,,,,,,,,Bit 4,,TM_PREC3_DAT
,,,,,,,,,,Bit 3,,TM_PREC2_SEL
,,,,,,,,,,Bit 2,,TM_PREC2_DAT
,,,,,,,,,,Bit 1,,TM_PREC1_SEL
,,,,,,,,,,Bit 0,,TM_PREC1_DAT
,,TM_L_P3V_R,RW,0x3EA,1002,Protected,8,,,POR,glue_logic,
,,,,,,,,,,Bit 7,,TM_L_P3V4_SEL
,,,,,,,,,,Bit 6,,TM_L_P3V4_DAT
,,,,,,,,,,Bit 5,,TM_L_P3V3_SEL
,,,,,,,,,,Bit 4,,TM_L_P3V3_DAT
,,,,,,,,,,Bit 3,,TM_L_P3V2_SEL
,,,,,,,,,,Bit 2,,TM_L_P3V2_DAT
,,,,,,,,,,Bit 1,,TM_L_P3V1_SEL
,,,,,,,,,,Bit 0,,TM_L_P3V1_DAT
,,TM_MATRIX,RW,0x3EB,1003,Protected,9,,,POR,glue_logic,
,,,,,,,,,,Bit 8,,TM_MTRX_SEL
,,,,,,,,,,Bits 7:0,,TM_MTRX_DAT
,,TM_MISC0,RW,0x3EC,1004,Protected,10,,,POR,glue_logic,
,,,,,,,,,,Bit 9,,TM_BS4_EN
,,,,,,,,,,Bit 8,,TM_BS3_EN
,,,,,,,,,,Bit 7,,TM_BS2_EN
,,,,,,,,,,Bit 6,,TM_BS1_EN
,,,,,,,,,,Bit 5,,TM_EN_TMUX
,,,,,,,,,,Bit 4,,TM_CSP4_EN
,,,,,,,,,,Bit 3,,TM_CYA_SEL
,,,,,,,,,,Bit 2,,TM_CYA_DAT
,,,,,,,,,,Bit 1,,TM_PG_SEL
,,,,,,,,,,Bit 0,,TM_PG_DAT
,,CFG_I2C_R,RW,0x3ED,1005,Protected,8,,,POR,glue_logic,
,,,,,,,,,,Bit 7,,NO_TO
,,,,,,,,,,Bits 6:0,,ADDR
,,STS_MISC,RO,0x3EE,1006,Protected,9,,,POR,glue_logic,
,,,,,,,,,,Bits 8:5,,PS_GMCLMP
,,,,,,,,,,Bit 4,,STS_BGOK
,,,,,,,,,,Bit 3,,STS_BIASOK
,,,,,,,,,,Bit 2,,STS_VDDOK
,,,,,,,,,,Bit 1,,STS_VINOK1_DET
,,,,,,,,,,Bit 0,,STS_VDDOK_DET
,,CFG_PMBUS_R,RW,0x3EF,1007,Protected,1,,,POR,glue_logic,
,,,,,,,,,,Bit 0,,PPLUS_MODE
,,,RW,0x3F0,1008,Protected,16,,,POR,glue_logic,
,,,,,,,,,,Bits 15:0,,
,,,RW,0x3F1,1009,Protected,16,,,POR,glue_logic,
,,,,,,,,,,Bits 15:0,,
,,,RW,0x3F2,1010,Protected,16,,,POR,glue_logic,
,,,,,,,,,,Bits 15:0,,
,,,RW,0x3F3,1011,Protected,16,,,POR,glue_logic,
,,,,,,,,,,Bits 15:0,,
,,,RW,0x3F4,1012,Protected,16,,,POR,glue_logic,
,,,,,,,,,,Bits 15:0,,
,,,RW,0x3F5,1013,Protected,16,,,POR,glue_logic,
,,,,,,,,,,Bits 15:0,,
,,,RW,0x3F6,1014,Protected,16,,,POR,glue_logic,
,,,,,,,,,,Bits 15:0,,
,,PATTERN_5555,RO,0x3F7,1015,Protected,16,,,POR,glue_logic,
,,,,,,,,,,Bits 15:0,,
,,PATTERN_AAAA,RO,0x3F8,1016,Protected,16,,,POR,glue_logic,
,,,,,,,,,,Bits 15:0,,
,,PATTERN_0000,RO,0x3F9,1017,Protected,16,,,POR,glue_logic,
,,,,,,,,,,Bits 15:0,,
,,PATTERN_FFFF,RO,0x3FA,1018,Protected,16,,,POR,glue_logic,
,,,,,,,,,,Bits 15:0,,
,,SCAN_ENTRY,RW,0x3FB,1019,Protected,1,,,POR,glue_logic,
,,,,,,,,,,Bit 0,,SCAN_ENTRY
,,SCRATCH00,RW,0x3FC,1020,Protected,16,,,POR,glue_logic,
,,,,,,,,,,Bits 15:0,,SCRATCH_RW
,,MASTER_TEST,RW,0x3FD,1021,Prot_unique,16,,,POR,glue_logic,
,,,,,,,,,,Bits 15:0,,TEST_CODE
,,CHIPID,RO,0x3FE,1022,Protected,16,,,POR,glue_logic,
,,,,,,,,,,Bits 15:12,,DIE_REV_MAJOR
,,,,,,,,,,Bits 11:8,,DIE_REV_MINOR
,,,,,,,,,,Bits 7:0,,CHIPID
,,PSEMI,RO,0x3FF,1023,Protected,8,,,POR,glue_logic,
,,,,,,,,,,Bits 7:0,,PSEMI
